SEARCHVAL,LATITUDE,LONGITUDE
AYER RAJAH MARKET,1.311906957,103.759128
OCBC WEST COAST DRIVE - FAIRPRICE,1.311933881,103.7590805
MAGHAIN ABOTH SYNAGOGUE,1.298246538,103.8506833
WOODLANDS DORMITORY,1.454723655,103.8045853
UOB I12 KATONG AUTOLOBBY,1.305223062,103.9050439
GOLDEN VILLAGE (GV KATONG),1.305224616,103.9051019
112 KATONG,1.305206536,103.9050461
DBS 112 KATONG,1.305158419,103.9050669
PUNGGOL SPECTRA,1.40053115,103.9105369
DBS MIGRANT WORKERS' CENTRE RECREATION CLUB,1.33212291,103.6990703
MIGRANT WORKERS' CENTRE RECREATION CLUB,1.332636985,103.6991344
DBS NTUC BEDOK NORTH STREET 4,1.332921748,103.9382402
89 BEDOK NORTH STREET 4 SINGAPORE 460089,1.332334683,103.9380513
OCBC BEDOK NORTH ST 4 - FAIRPRICE,1.332956837,103.9382209
THE RAIL MALL,1.360123682,103.7675422
OCBC SUNTECT CITY BRANCH,1.29487905,103.8576755
DBS SUNTEC CITY BASEMENT,1.294885032,103.8577171
HSBC SUNTEC CITY BRANCH,1.294923915,103.8576993
JOSIAH MONTESSORI : CITY CHILDCARE CENTRE,1.295019628,103.8577617
OCBC SUNTECT CITY,1.29487905,103.8576755
SUNTEC CITY MALL,1.295931895,103.8590144
SUNTEC CITY POST OFFICE,1.295032461,103.8598502
GOLDEN VILLAGE (GV SUNTEC CITY),1.294859902,103.8603337
CITIBANK SUNTEC CITY MALL,1.295711525,103.8585526
DBS SUNTEC CITY BRANCH,1.294846149,103.8577052
UOB SUNTEC CITY BRANCH,1.294324165,103.860372
5 ALJUNIED ROAD SINGAPORE 389797,1.31357605,103.8818778
UOB TEBAN GARDENS,1.322318559,103.7384614
MULTI STOREY CAR PARK-TEBAN PLACE,1.322136363,103.7382928
OCBC TEBAN PLACE,1.322332801,103.7384253
DBS TEBAN GARDENS,1.32237497,103.7384128
DBS COCHRANE LODGE II,1.460658672,103.8191747
COCHRANE LODGE II,1.461388544,103.8181113
TUAS TECHPARK,1.311467888,103.63034
OCBC CLEMENTI AVENUE 3 - FAIRPRICE,1.312705512,103.7656803
YAMAHA MUSIC ACADEMY,1.312851481,103.7659727
NATIONAL UNIVERSITY POLYCLINICS (CLEMENTI POLYCLINIC),1.312743802,103.7658467
CLEMENTI POLYCLINIC,1.31248109,103.7654765
DBS NTUC CLEMENTI AVENUE 3,1.312686368,103.7656232
UOB CLEMENTI AVENUE 3,1.312648085,103.7656803
WESTLITE MANDAI DORMITORY,1.407541244,103.7581282
MY FIRST SKOOL,1.331604407,103.8505115
192 LORONG 4 TOA PAYOH SINGAPORE 310192,1.331668148,103.8504872
OCBC TOA PAYOH LORONG 4 - FAIRPRICE,1.331690082,103.8506198
DBS NTUC TOA PAYOH LORONG 6,1.331616833,103.8506237
141 UPPER PAYA LEBAR ROAD SINGAPORE 534846,1.338893877,103.8861149
141A UPPER PAYA LEBAR ROAD SINGAPORE 534846,1.338893877,103.8861149
OCBC STIRLING ROAD - FAIRPRICE,1.290911282,103.8031208
DBS NTUC STIRLING ROAD,1.290911282,103.8031208
STIRLING VIEW,1.290909181,103.8031076
DBS NTUC FRENCH ROAD,1.308782165,103.8613785
OCBC FRENCH ROAD - FAIRPRICE,1.308830021,103.8613547
KITCHENER COMPLEX,1.308806094,103.861312
KINEX,1.314618499,103.894738
DBS ONE KM,1.314618499,103.894738
DNC (EDUCATION) PTE. LTD.,1.314742388,103.8945519
UOB ONE KM,1.314618499,103.894738
OCBC CHANGI BUSINESS PARK - FAIRPRICE,1.334827547,103.9639439
DBS NTUC ESR BIZPARK @ CHANGI,1.334906513,103.9638798
CHANGI LINK @ ESR BIZPARK @ CHANGI,1.334919777,103.9636539
ESR BIZPARK @ CHANGI,1.334822677,103.9639058
GEYLANG CONSERVATION AREA,1.314206082,103.8866995
GEYLANG CONSERVATION AREA,1.314206082,103.8866995
DBS LOYANG POINT,1.367066342,103.9646356
UOB LOYANG POINT,1.367066342,103.9646356
LOYANG POINT,1.367073575,103.9646322
FILMGARDE AT CENTURY SQUARE,1.35227804,103.9437277
MAYBANK OFFSITE@CENTURYSQUARE,1.352291397,103.9438496
CENTURY SQUARE,1.352368296,103.9438123
5 TANJONG PAGAR PLAZA SINGAPORE 081005,1.27624052,103.8430061
TUAS SOUTH DORMITORY,1.271642258,103.6335123
CHANGI CITY POINT,1.334036379,103.9629176
DBS CHANGI CITY POINT,1.334083638,103.962946
DBS NTUC CHANGI CITY POINT,1.334149835,103.9629818
CHANGI CITY,1.334083593,103.9629461
OCBC CHANGI CITY POINT - FAIRPRICE,1.33432516,103.9623893
DBS BEAUTY WORLD CENTRE,1.342412642,103.7765394
BEAUTY WORLD CENTRE,1.342412642,103.7765394
KINDER GROWTH PTE LTD,1.342395088,103.7764683
LEARNING HUB@GRACELAND PTE. LTD.,1.342392845,103.7762505
CATHAY CINEPLEX JEM,1.333328193,103.7433594
DBS NTUC JEM,1.33255233,103.7432622
OCBC JEM - JURONG EAST BRANCH,1.33255233,103.7432622
JEM,1.333293345,103.7432787
UOB JEM BRANCH,1.33255233,103.7432622
OCBC JEM - FAIRPRICE,1.33255233,103.7432622
DBS TANJONG KATONG COMPLEX,1.31630706,103.8943935
TANJONG KATONG COMPLEX,1.316394457,103.8943591
1 LORONG 15 GEYLANG SINGAPORE 388595,1.312829381,103.8781479
OCBC BEDOK RESERVOIR RD - FAIRPRICE,1.337419105,103.921783
DBS NTUC BEDOK RESERVOIR ROAD,1.337419105,103.921783
GRACELAND STUDENT CARE CENTRE (BEDOK),1.337376225,103.9217412
SUNFLOWER PRESCHOOL PTE. LTD.,1.337404713,103.9217747
RESERVOIR VILLAGE,1.337404719,103.9217747
OCBC SERANGOON NORTH AVE 1 - FAIRPRICE,1.369799416,103.8730358
DBS NTUC SERANGOON NORTH AVENUE 4,1.369799416,103.8730358
152B SERANGOON NORTH AVENUE 1 SINGAPORE 552152,1.369799404,103.8730358
SKYVILLE @ DAWSON,1.295319663,103.8097586
OCBC VIVOCITY - FAIRPRICE,1.264304765,103.8223086
HARBOUR FRONT PUBLIC LIBRARY,1.263895812,103.8215892
HSBC VIVOCITY,1.264409139,103.8221717
STANDARD CHARTERED BANK VIVOCITY,1.264304765,103.8223086
VIVOCITY,1.264293168,103.8223047
UOB VIVOCITY,1.264270543,103.8224761
GOLDEN VILLAGE (GV VIVOCITY),1.264313825,103.8220734
MORIAH ASSEMBLY OF GOD,1.264274341,103.8225962
DBS VIVOCITY,1.264344587,103.8224761
UOB VIVO CITY BRANCH,1.264270543,103.8224761
539A BEDOK NORTH STREET 3 SINGAPORE 461539,1.332402306,103.9255006
OCBC BEDOK NORTH,1.332405066,103.9255013
COLD STORAGE JELITA SHOPPING CENTRE,1.31759343,103.7858406
COLD STORAGE JELITA,1.317545559,103.7858505
823 TAMPINES STREET 81 SINGAPORE 520823,1.348744945,103.9340247
VICTORIA MONTESSORI SCHOOLHOUSE PTE. LTD.,1.348732841,103.9340102
OCBC TAMPINES STREET 81 - PRIME SUPERMARKET,1.348732845,103.9340102
360 BALESTIER ROAD SINGAPORE 329783,1.325253018,103.8509958
DBS WESTGATE BR 1,1.33415752,103.7427665
UOB WESTGATE,1.33415752,103.7427665
OCBC WESTGATE,1.33415752,103.7427665
WESTGATE,1.334157676,103.7427665
JURONG EAST POST OFFICE,1.334025296,103.742586
MY FIRST SKOOL,1.334025295,103.742586
982 BUANGKOK CRESCENT SINGAPORE 530982,1.380850355,103.8793091
DBS BUANGKOK CRESCENT,1.380894989,103.8793232
DBS HOUGANG GREEN SHOPPING MALL,1.379317835,103.8878471
JUNIOR CHAMPS EDUCAMPUS PTE. LTD.,1.379245288,103.887832
OCBC HOUGANG GREEN SHOPPING MALL,1.379317835,103.8878471
HOUGANG GREEN SHOPPING MALL,1.379245291,103.887832
MONTE KIDZ WORLD (HOUGANG),1.379245288,103.887832
DBS SHOP N SAVE HOUGANG GREEN SHOPPING MALL,1.379317835,103.8878471
UOB HOUGANG GREEN SHOPPING MALL,1.379317835,103.8878471
KITCHENER COMPLEX,1.308327005,103.8620059
CITIBANK ADMIRALTY SMRT STATION,1.440569731,103.8010493
ADMIRALTY MRT STATION (NS10),1.440588562,103.8009905
OCBC ADMIRALTY MRT,1.440556099,103.800917
DBS ADMIRALTY MRT STATION,1.440569731,103.8010493
UOB ADMIRALTY MRT STATION,1.440569731,103.8010493
PCF SPARKLETOTS PRESCHOOL @ FENGSHAN 115 (CC),1.331433688,103.9368654
115 BEDOK NORTH ROAD SINGAPORE 460115,1.33143368,103.9368654
DBS GREENRIDGE SHOPPING CENTRE,1.385295565,103.7661705
UOB GREENRIDGE SHOPPING CENTRE,1.385405693,103.7662285
AMAZING STAR MONTESSORI HOUSE (GREENRIDGE),1.385295563,103.7661705
GREENRIDGE SHOPPING CENTRE,1.385405693,103.7662285
OCBC GREENRIDGE SHOPPING CENTRE,1.385405693,103.7662285
DBS NTUC MARINE PARADE CENTRAL,1.301419551,103.9071127
6 MARINE PARADE CENTRAL SINGAPORE 449411,1.301347148,103.9071836
OCBC MARINE PARADE CENTRAL - FAIRPRICE,1.30132311,103.907113
CASSIA AT PENJURU,1.318009806,103.7319489
OCBC HOUGANG MALL BRANCH,1.372483087,103.8937881
DBS HOUGANG MALL,1.372483087,103.8937881
CHENG SAN PUBLIC LIBRARY,1.372533156,103.8938835
HOUGANG CENTRAL POST OFFICE,1.372651672,103.8937463
HOUGANG MALL,1.372494938,103.8937756
SUNFLOWER PRESCHOOL @ HOUGANG (PTE. LTD.),1.372311864,103.8936616
UOB HOUGANG MALL,1.372483087,103.8937881
DBS NTUC HOUGANG MALL,1.372483087,103.8937881
GIANT,1.372101699,103.9319999
OCBC WOODLANDS AVE 3 - FAIRPRICE,1.432626035,103.7740512
DBS MARSILING MRT STATION,1.432626035,103.7740512
CITIBANK MARSILING SMRT STATION,1.432626035,103.7740512
MARSILING MRT STATION (NS8),1.432521149,103.7740746
DBS NTUC MARSILING MRT STATION,1.432626035,103.7740512
UOB MARSILING MRT STATION,1.432626035,103.7740512
MINDCHAMPS PRESCHOOL @ BUKIT TIMAH PTE. LIMITED,1.338796735,103.7932561
DBS THE GRANDSTAND,1.337593733,103.7937074
THE GRANDSTAND,1.338577187,103.7934057
THE EXPERIENTIAL LEARNING CENTRE PTE LTD,1.338796735,103.7932561
PEGASUS INTERNATIONAL PREESCHOOL,1.338994629,103.7931338
SUNFLOWER BABY HOUSE PTE. LTD.,1.338796735,103.7932561
SWALLOWS AND AMAZONS KINDERGARTEN,1.338796735,103.7932561
KIDDIWINKIE SCHOOLHOUSE @ GRANDSTAND PTE LTD,1.338796735,103.7932561
KIZROO KINDERGARTEN,1.338796735,103.7932561
32 TUAS VIEW SQUARE SINGAPORE 637778,1.298658064,103.6280881
IBIS STYLES SINGAPORE ON MACPHERSON,1.331723558,103.879538
DBS NTUC MACPHERSON MALL,1.331770545,103.8792945
MACPHERSON MALL,1.331770545,103.8792945
OCBC MACPHERSON MALL - FAIRPRICE,1.331770545,103.8792945
DBS ION ORCHARD,1.304098062,103.8315921
UOB ION ORCHARD,1.304730948,103.8314655
OCBC ION ORCHARD BRANCH,1.303992869,103.8319889
ORCHARD ROAD,1.304097858,103.8322519
CITIBANK ION ORCHARD,1.304191421,103.8315101
ION ORCHARD,1.303979741,103.8320323
OCBC ION ORCHARD,1.303992869,103.8319889
ORCHARD ROAD POST OFFICE,1.304035779,103.8313951
230 GEYLANG ROAD SINGAPORE 389290,1.312088177,103.8773887
DBS NTUC TECK WHYE LANE,1.380030583,103.7531184
140 TECK WHYE LANE SINGAPORE 680140,1.380018058,103.7531484
GRACELAND (CCK) PTE LTD,1.380030578,103.7531184
OCBC TECK WHYE LANE - FAIRPRICE,1.380030583,103.7531184
DBS NTUC SERANGOON CENTRAL,1.35367103,103.8707568
OCBC SERANGGON CENTRAL DRIVE - FAIRPRICE,1.353682695,103.8709133
253 SERANGOON CENTRAL DRIVE SINGAPORE 550253,1.354039398,103.8708515
OCBC HOUGANG CAPEVIEW - FAIRPRICE,1.377430067,103.9037129
DBS NTUC NEW UPPER SERANGOON VIEW,1.377433378,103.9037136
HOUGANG CAPEVIEW,1.377430067,103.9037129
UOB HOUGANG CAPEVIEW,1.377430067,103.9037129
MANDARIN GARDENS,1.307060757,103.9237698
DBS JURONG APARTMENTS,1.328820419,103.6771617
JURONG APARTMENTS,1.328886001,103.67713
CHANGI AIR BASE (EAST),1.327366021,104.0042442
ALOCASSIA APARTMENTS,1.31943646,103.8273473
THE STAR PERFORMING ART CENTRE,1.30684882,103.7882145
NEW CREATION CHURCH,1.306950824,103.7882873
OCBC THE STAR VISTA,1.306815007,103.7884627
DBS THE STAR VISTA,1.306815007,103.7884627
THE STAR,1.30687193,103.7884744
THE STAR VISTA,1.30697044,103.7884203
MARKET PLACE,1.366259352,103.9646456
LOYANG POINT,1.36645364,103.9645985
OCBC LOYANG POINT,1.36645364,103.9645985
DBS TAMPINES MART,1.35416724,103.9599359
AL - AMIN PRE-SCHOOL,1.354364936,103.9600422
FC/MARKET,1.354593929,103.9601535
TAMPINES MART,1.354480274,103.9600689
ALTEZ,1.274617941,103.8443196
DBS NTUC PUNGGOL PLAZA,1.394174473,103.91312
UOB PUNGGOL PLAZA,1.394256298,103.9130435
OCBC PUNGGOL PLAZA,1.394256298,103.9130435
OCBC PUNGGOL PLAZA - FAIRPRICE,1.394256298,103.9130435
PUNGGOL PLAZA,1.394237197,103.9130473
544 JURONG WEST STREET 42 SINGAPORE 640544,1.352393583,103.7157595
HSBC TAMPINES BRANCH,1.354204304,103.945052
DBS TAMPINES 1,1.354323212,103.9451412
TAMPINES ONE,1.35425638,103.9450717
OCBC TAMPINES 1,1.354315565,103.9450195
OCBC BUKIT MERAH CENTRAL - FAIRPRICE,1.283119499,103.8176429
DBS NTUC BUKIT MERAH CENTRAL,1.283098547,103.8176949
166 BUKIT MERAH CENTRAL SINGAPORE 150166,1.283092626,103.8176672
TANJONG PAGAR TOWN COUNCIL,1.283119499,103.8176429
HDB BUKIT MERAH BRANCH,1.283150928,103.8176897
UOB BUKIT MERAH CENTRAL,1.283056643,103.8176637
KEBUN BARU PALM VIEW,1.36754925,103.8367406
OCBC BUKIT TIMAH RD - FAIRPRICE,1.3238337,103.810002
DBS NTUC CORONATION SHOPPING PLAZA,1.3238337,103.810002
CORONATION SHOPPING PLAZA,1.323835122,103.8099996
HSBC BUKIT TIMAH BRANCH,1.323824765,103.8100164
OCBC BUKIT BATOK WEST AVE 8,1.347388255,103.7437047
154A BUKIT BATOK WEST AVENUE 8 SINGAPORE 651154,1.347371802,103.7436981
ANCHORVALE HARVEST,1.396849799,103.8892468
NEE SOON TOWN COUNCIL (NEE SOON SOUTH BRANCH),1.415998147,103.8350536
DBS YISHUN STREET 81,1.416079404,103.8350192
KAHTIB CENTRAL,1.416018805,103.8350008
EUNOS GROVE,1.332050946,103.9141451
OCBC BEDOK RESERVOIR RD - MCDONALDS,1.332050526,103.9141462
UOB BEDOK RESERVOIR ROAD,1.332050526,103.9141462
BOON KENG VILLE,1.31423937,103.870914
OCBC TAMPINES STREET 21,1.353435453,103.9530237
201B TAMPINES STREET 21 SINGAPORE 522201,1.353453158,103.9530099
LITTLE GREENHOUSE @ BUKIT BATOK PTE LTD,1.358946373,103.7503658
373 BUKIT BATOK STREET 31 SINGAPORE 650373,1.358924571,103.7503972
OCBC CLEMENTI AVENUE 2 -FAIRPRICE,1.31427266,103.7713609
DBS NTUC CLEMENTI AVENUE 2,1.31427266,103.7713609
CLEMENTI AVENUE 2 SHOPPING CENTRE,1.314278602,103.7713506
MARINE PARADE TOWN COUNCIL (SERANGOON OFFICE),1.353232128,103.8715036
266 SERANGOON CENTRAL DRIVE SINGAPORE 550266,1.35323213,103.8714724
OCBC LORONG LIMAU - FAIRPRICE,1.323720531,103.8557495
DBS NTUC LORONG LIMAU,1.323685611,103.8557911
80 LORONG LIMAU SINGAPORE 320080,1.323796071,103.8556706
SUNFLOWER PRESCHOOL @ BALESTIER PTE. LTD.,1.323796079,103.8556706
WATERWAY BANKS,1.40566048,103.9119913
309 HOUGANG AVENUE 5 SINGAPORE 530309,1.366205547,103.8951524
OCBC PAYA LEBAR SQUARE,1.31881487,103.8925808
UOB PAYA LEBAR SQUARE,1.31881487,103.8925808
PAYA LEBAR SQUARE,1.31881487,103.8925808
DBS PAYA LEBAR SQUARE,1.31881487,103.8925808
DBS NTUC WATERWAY POINT,1.406412835,103.9021889
SHAW THEATRES WATERWAY POINT,1.406536117,103.9019882
MY FIRST SKOOL,1.406409649,103.9021304
OCBC WATERWAY POINT - FAIRPRICE,1.406379336,103.9021722
OCBC WATERWAY POINT BRANCH,1.406386514,103.9021865
DBS WATERWAY POINT BRANCH,1.406382096,103.9022437
MAYBANK MAYBANK@WATERWAYPOINT,1.406388908,103.9021509
UOB PUNGGOL WATERWAY BRANCH,1.406439156,103.9021723
WATERWAY POINT,1.406484621,103.9021057
KATONG V,1.303850304,103.9028504
DBS NTUC KATONG V,1.303861208,103.9028714
VILLAGE HOTEL KATONG,1.30377937,103.9029122
418 YISHUN AVENUE 11 SINGAPORE 760418,1.424899319,103.8472498
BINJAI PARK,1.335862577,103.7866168
BINJAI PARK,1.335862577,103.7866168
BINJAI PARK,1.335862577,103.7866168
7 JURONG WEST AVENUE 5 SINGAPORE 649486,1.348784897,103.7034157
KHATIB CENTRAL,1.416960498,103.8353478
DBS NTUC YISHUN STREET 81,1.416959243,103.8353519
UOB YISHUN RING ROAD,1.416912101,103.8353363
MLC (YISHUN) PTE. LTD.,1.416983166,103.8352182
OCBC YISHUN RING ROAD - FAIRPRICE,1.416943528,103.8352843
OCBC YISHUN RING ROAD,1.416972242,103.8352938
GREENDALE COURT,1.331664767,103.8070338
ANSAR GARDEN,1.324760401,103.9243702
37 TEBAN GARDENS ROAD SINGAPORE 600037,1.320531436,103.7426522
DBS NTUC TEBAN GARDENS ROAD,1.320520268,103.7426515
OCBC TEBAN GARDENS ROAD - FAIRPRICE,1.320520268,103.7426515
UOB TEBAN GARDENS,1.320520268,103.7426515
962 JURONG WEST STREET 91 SINGAPORE 640962,1.342017841,103.6914831
J CONNECT,1.333825407,103.7396769
KLCII JURONG CAMPUS,1.333753439,103.7393714
DBS NTUC JURONG EAST STREET 13,1.333822942,103.739755
OCBC JURONG GATEWAY ROAD - FAIRPRICE,1.333851658,103.7398264
SATA COMMHEALTH JURONG MEDICAL CENTRE,1.333808577,103.7395518
BISHAN VIEW,1.34780072,103.8493161
OCBC GREENWICH V,1.387367695,103.869348
DBS GREENWICH MALL,1.387367695,103.869348
GREENWICH V,1.387395394,103.869136
MORIAH SCHOOLHOUSE LLP,1.387395384,103.869136
OPERA ESTATE,1.315749371,103.925857
OPERA ESTATE,1.315749372,103.925857
OPERA ESTATE,1.31577965,103.9259357
OPERA ESTATE,1.31577965,103.9259357
OPERA ESTATE,1.315797436,103.9259904
OPERA ESTATE,1.315797436,103.9259904
OPERA ESTATE,1.315807769,103.92605
OPERA ESTATE,1.315807769,103.92605
OPERA ESTATE,1.315824802,103.9261
OPERA ESTATE,1.315824802,103.9261
OPERA ESTATE,1.315843372,103.9261595
OPERA ESTATE,1.315843372,103.9261595
OPERA ESTATE,1.315859124,103.9262098
OPERA ESTATE,1.315859125,103.9262098
OPERA ESTATE,1.315905146,103.9262661
OPERA ESTATE,1.315905146,103.9262661
ENABLING VILLAGE,1.286956471,103.8147776
BLK D,1.286709701,103.8143903
BLK E,1.286402192,103.8143858
BLK F,1.286811923,103.8150726
OCBC LENGKOK BAHRU - FAIRPRICE,1.286785424,103.8146742
AWWA LTD.,1.286680272,103.8137663
BLK A,1.287366041,103.8148181
BLK B,1.287159899,103.8151578
BLK C,1.286958564,103.814601
BLK G,1.286420968,103.8138655
BLK H,1.286680267,103.8137663
BLK J,1.286209532,103.8139751
20 LENGKOK BAHRU SINGAPORE 159053,1.286861705,103.8139042
DBS SERANGOON GARDEN BRANCH,1.286832972,103.8146699
8 TELOK BLANGAH CRESCENT SINGAPORE 090008,1.277795391,103.8193413
KRANJI LODGE ONE,1.432017303,103.7598669
DBS KRANJI LODGE,1.430693598,103.7592373
SUNGEI KADUT INDUSTRIAL ESTATE,1.417572426,103.744217
OCBC TAMPINES STREET 11 - FAIRPRICE,1.348329155,103.9484307
DBS NTUC TAMPINES STREET 11,1.348371058,103.9481289
107 TAMPINES STREET 11 SINGAPORE 521107,1.348364218,103.9481587
SERANGOON GARDEN ESTATE,1.36428137,103.8651339
SERANGOON GARDEN ESTATE,1.36428137,103.8651339
ITALIAN SUPPLEMENTARY SCHOOL (EMBASSY OF ITALY),1.316990882,103.8438668
CONSULATE OF THE REPUBLIC OF VANUATU,1.317428008,103.8436708
EMBASSY OF THE FEDERATIVE REPUBLIC OF BRAZIL,1.317334632,103.8435977
EMBASSY OF THE REPUBLIC OF MALDIVES,1.317468165,103.8434679
UNITED SQUARE,1.31719451,103.8436114
UOB UNITED SQUARE,1.31724363,103.8440031
UOB UNITED SQUARE AUTOLOBBY,1.31724363,103.8440031
DBS UNITED SQUARE,1.31724363,103.8440031
GUG THE KINDERGARTEN,1.317334643,103.8434632
EMBASSY OF FINLAND,1.317178381,103.8437737
EMBASSY OF ITALY,1.317178383,103.8434839
ROYAL DANISH EMBASSY,1.317334632,103.8434632
DBS NTUC BISHAN STREET 24,1.35728843,103.8437901
OCBC BISHAN ST 24 - FAIRPRICE,1.357222831,103.8437853
279 BISHAN STREET 24 SINGAPORE 570279,1.357222831,103.8437853
CHANGI AIRPORT TERMINAL 3 BUILDING,1.356626094,103.9865622
CITIBANK CHANGI AIRPORT TERMINAL 3 DEPARTURE HALL TRANSIT LOUNGE SOUTH,1.355934169,103.9865674
DBS CHANGI AIRPORT TERMINAL 3 ARRIVAL MEETING HALL,1.354370741,103.9851696
DBS CHANGI AIRPORT TERMINAL 3 DEPARTURE TRANSIT HALL,1.354370741,103.9851696
UOB CHANGI AIRPORT TERMINAL 3 - ARRIVAL HALL NORTH,1.355889462,103.9858841
UOB CHANGI AIRPORT TERMINAL 3 - B2 SOUTH,1.355889462,103.9858841
OCBC CHANGI AIRPORT TERMINAL 3 - ARRIVAL HALL NORTH,1.355568558,103.9858521
OCBC CHANGI AIRPORT TERMINAL 3 - DEPARTURE CHECK-IN HALL NORTH,1.355568558,103.9858521
CHANGI AIRPORT BUS TERMINAL 3,1.356406287,103.9862118
CITIBANK CHANGI AIRPORT TERMINAL 3 DEPARTURE HALL CHECK-IN HALL SOUTH,1.356086083,103.9866106
DBS CHANGI AIRPORT TERMINAL 3 BASEMENT 2,1.354370741,103.9851696
DBS CHANGI AIRPORT TERMINAL 3 DEPARTURE CHECK-IN HALL,1.354370741,103.9851696
HSBC CHANGI AIRPORT T3 ARRIVAL HALL SOUTH CENTRAL,1.356364149,103.9867699
UOB CHANGI AIRPORT TERMINAL 3 - CHECK-IN HALL NORTH,1.355889462,103.9858841
UOB CHANGI AIRPORT TERMINAL 3 - DEPARTURE TRANSIT LOUNGE SOUTH CENTRAL,1.355889462,103.9858841
OCBC CHANGI AIRPORT TERMINAL 3 - BASEMENT 2 SOUTH (IN FRONT OF FOODCOURT),1.355568558,103.9858521
OCBC CHANGI AIRPORT TERMINAL 3 - DEPARTURE CHECK-IN HALL SOUTH,1.355568558,103.9858521
OCBC CHANGI AIRPORT TERMINAL 3 - DEPARTURE TRANSIT SOUTH CENTRAL,1.355568558,103.9858521
RAFFLES MEDICAL 24-HR CLINIC (CHANGI AIRPORT),1.356226404,103.986102
DBS WEST MALL,1.350375416,103.7491239
BUKIT BATOK CENTRAL POST OFFICE,1.349921529,103.749172
BUKIT BATOK PUBLIC LIBRARY,1.34976579,103.7492062
CATHAY CINEPLEX WEST MALL,1.350097148,103.7492139
UOB WEST MALL,1.350296836,103.7490642
WEST MALL,1.35001921,103.7492448
PUNGGOL PARCVISTA,1.410819269,103.9003717
21 TUAS VIEW SQUARE SINGAPORE 637640,1.298917125,103.6275324
MY FIRST SKOOL,1.342706189,103.9530245
DBS EASTPOINT BR 1,1.342691998,103.9530508
DBS EASTPOINT MALL EBC 1,1.342691998,103.9530508
OCBC EASTPOINT MALL - FAIRPRICE,1.342691998,103.9530508
EASTPOINT MALL,1.342705924,103.9530246
DBS NTUC SIMEI,1.342691998,103.9530508
UOB EASTPOINT MALL AUTO LOBBY,1.342691998,103.9530508
NEW LIFE COMMUNITY SERVICES,1.380521368,103.7600594
DBS JUNCTION 10,1.38018163,103.7604193
MINDCHAMPS PRESCHOOL @JUNCTION 10 PTE LIMITED,1.38055128,103.760107
JUNCTION 10,1.38033681,103.7601679
BUONA VISTA COMMUNITY CLUB,1.309229842,103.7926609
BUONA VISTA COMMUNITY CLUB COMPLEX,1.309183033,103.7926405
OCBC HOLLAND DRIVE - FAIRPRICE,1.309194077,103.7926399
DBS NTUC HOLLAND DRIVE,1.309174198,103.7926926
UOB BUONA VISTA COMMUNITY CLUB,1.309183033,103.7926405
118 ALJUNIED AVENUE 2 SINGAPORE 380118,1.320000402,103.8873631
HDB GEYLANG BRANCH,1.320048977,103.8874066
TODDLERS' COTTAGE,1.320000409,103.8873631
THAI GOOD NEWS CENTRE,1.30289295,103.8653283
UOB GOLDEN MILE COMPLEX,1.302924747,103.8653732
GOLDEN MILE COMPLEX,1.302751216,103.8651636
GOLDEN MILE SHOPPING CENTRE,1.302771206,103.8651721
OCBC GOLDEN MILE COMPLEX,1.302771205,103.8651721
UOB TOA PAYOH LORONG 4,1.333557721,103.8509779
181 LORONG 4 TOA PAYOH SINGAPORE 310181,1.333619362,103.8509787
CITIBANK BISHAN JUNCTION 8,1.350182003,103.8485157
DBS BISHAN BRANCH,1.35023943,103.8485822
UOB JUNCTION 8 SHOPPING CENTRE,1.350172433,103.8484301
OCBC JUNCTION 8 SHOPPING CENTRE,1.350172432,103.8485537
DBS NTUC JUNCTION 8 SHOPPING CENTRE,1.350316,103.8484966
JUNCTION 8,1.350481253,103.8487605
GOLDEN VILLAGE (GV BISHAN),1.350422157,103.8488262
OCBC BISHAN BRANCH,1.350324663,103.8485579
PUNGGOL REGALIA,1.402303014,103.9012624
EAST VILLAGE,1.331775815,103.9462012
OCBC HEARTLAND MALL,1.359544509,103.8851691
DBS HEARTLAND MALL BRANCH,1.359544509,103.8851691
HEARTLAND MALL-KOVAN,1.359541773,103.8851674
JUNIOR CHAMPS @ KOVAN PTE. LTD.,1.359496648,103.8850799
CITIBANK HEARTLAND MALL,1.359541773,103.8851674
UOB HEARTLAND MALL,1.359544509,103.8851691
DBS PIONEER MALL,1.341673319,103.6972445
UOB PIONEER MALL,1.34172919,103.6972237
OCBC PIONEER MALL,1.341743161,103.6972862
PIONEER MALL,1.341692392,103.6971748
UOB DAWSON PLACE,1.292703398,103.810959
OCBC DAWSON PLACE,1.292702527,103.8109718
SEEDLINGS MONTESSORI ALEXANDRA PTE LTD,1.292703398,103.810959
DAWSON PLACE,1.292703399,103.810959
DBS NTUC DAWSON PLACE,1.292702527,103.8109718
SEMBAWANG HILLS ESTATE,1.373079494,103.8296308
SEMBAWANG HILLS ESTATE,1.373079495,103.8296308
14 CHUN TIN ROAD SINGAPORE 599601,1.342019632,103.7750642
14A CHUN TIN ROAD SINGAPORE 599601,1.342019632,103.7750642
DBS ANG MO KIO - BASEMENT 1,1.369236276,103.8487222
DBS ANG MO KIO BRANCH,1.369225221,103.8484932
THE LITTLE SKOOL-HOUSE INTERNATIONAL PTE LTD,1.369248917,103.8483992
UOB ANG MO KIO BRANCH,1.369259502,103.8484977
ABUNDANT LIFE FAMILY CHURCH,1.369235614,103.8486932
AMK HUB,1.369389227,103.848478
CATHAY CINEPLEX AMK HUB,1.369193179,103.8484648
DBS NTUC AMK HUB,1.369225221,103.8484932
OCBC AMK HUB,1.369255114,103.8484641
OCBC NUH - FAIRPRICE,1.293512877,103.7846856
ONE@KENTRIDGE,1.29277432,103.784084
LEARNING VISION @ WORK PTE. LTD.,1.292774327,103.784084
NUH MEDICAL CENTRE,1.293512877,103.7846856
DBS NTUC NUH,1.293512877,103.7846856
DBS PPT LODGE 1A,1.418331386,103.8964479
PPT LODGE 1A,1.419227531,103.8965504
3 YUAN CHING ROAD SINGAPORE 618642,1.32554466,103.7255746
OCBC YUAN CHING ROAD - SHENG SIONG SUPERMARKET,1.325468075,103.7252215
KRANJI SANCTUARY RESORT,1.419278162,103.7184257
615 BUKIT TIMAH ROAD SINGAPORE 269716,1.324373542,103.8093578
5 BANDA STREET SINGAPORE 050005,1.28119737,103.8434373
BOON LAY SHOPPING CENTRE,1.346335525,103.7124304
RAINBOW CHILDCARE PTE LTD,1.346396047,103.7123877
OCBC BOON LAY SHOPPING CENTRE,1.346373764,103.7124728
OCBC BOON LAY SHOPPING CENTRE FAIRPRICE,1.346373764,103.7124728
DBS NTUC BOON LAY PLACE,1.346373764,103.7124728
UOB BOON LAY PLACE,1.346373764,103.7124728
DESKER ROAD CONSERVATION AREA,1.308877881,103.8551556
DESKER ROAD CONSERVATION AREA,1.308878029,103.8551555
SPRINTECS INDUSTRIAL BUILDING,1.308089956,103.6315477
GOLDEN VILLAGE (GV TIONG BAHRU),1.286463454,103.8269351
DBS POSB TIONG BAHRU PLAZA,1.286331772,103.8275508
UOB TIONG BAHRU BRANCH AUTO LOBBY,1.286458894,103.8270153
OCBC TIONG BAHRU PLAZA BRANCH,1.286440217,103.8274507
DBS NTUC TIONG BAHRU PLAZA,1.286331772,103.8275508
TIONG BAHRU PLAZA,1.286458895,103.8270153
DBS PASIR RIS DRIVE 4,1.368998011,103.9586476
440 PASIR RIS DRIVE 4 SINGAPORE 510440,1.369008093,103.9586966
OCBC PASIR RIS DRIVE 4 - GIANT,1.368998011,103.9586476
510 BEDOK NORTH STREET 3 SINGAPORE 460510,1.332123133,103.9310515
UOB BEDOK NORTH STREET 3,1.332336556,103.9304968
CARING HUT,1.332446732,103.9304767
DBS WESTLITE DORMITORY (JALAN PAPAN),1.322072015,103.7275458
ASPRI-WESTLITE PAPAN,1.322089959,103.7274982
OCBC SENJA ROAD - FAIRPRICE,1.385096025,103.7602184
DBS NTUC SENJA ROAD,1.385096025,103.7602184
SENJA CENTRE,1.385128674,103.7604106
AMARA SINGAPORE,1.274934748,103.8435524
100 AM,1.274682815,103.8434884
UNION SQUARE,1.274814437,103.8435156
MCNAIR SPRING,1.321619038,103.8593827
ORCHARD HOTEL GALLERIA,1.307442533,103.8287767
ORCHARD HOTEL SHOPPING ARCADE,1.307630004,103.8286261
CLAYMORE CONNECT,1.307668609,103.8281644
MAPLE BEAR EDUCARE PTE. LTD.,1.307668615,103.8281644
ORCHARD HOTEL SINGAPORE,1.307622826,103.8285904
684 RACE COURSE ROAD SINGAPORE 210684,1.314307076,103.8566595
OCBC WEST COAST PLAZA,1.303818114,103.7662664
DBS WEST COAST PLAZA,1.303586225,103.7661038
UOB WEST COAST PLAZA,1.303582681,103.7652845
WEST COAST PLAZA,1.30369749,103.7661313
MINDCHAMPS PRESCHOOL @ WEST COAST PLAZA PTE. LIMITED,1.303624575,103.7658584
925 YISHUN CENTRAL 1 SINGAPORE 760925,1.427505497,103.8371253
EAGER BEAVER SCHOOLHOUSE 1 PTE. LTD.,1.427505489,103.8371253
GUTHRIE HOUSE,1.330817401,103.7956924
DBS GUTHRIE HOUSE,1.330774928,103.7957134
HILLCREST PARK,1.331491293,103.806809
THE LITTLE SKOOL-HOUSE INTERNATIONAL PTE LTD,1.411035991,103.8440399
OCBC ORCHID COUNTRY CLUB - FAIRPRICE,1.411459129,103.8451309
DBS NTUC ORCHID COUNTRY CLUB,1.411198191,103.8444383
ORCHID COUNTRY CLUB,1.411055347,103.8441861
SINGAPORE ORCHID COUNTRY CLUB,1.415590703,103.8473342
PINE GREEN,1.307827368,103.8847638
OCBC JALAN TIGA - FAIRPRICE,1.307807962,103.8847676
355 SEMBAWANG WAY SINGAPORE 750355,1.449544856,103.8187276
DBS SEMBAWANG WAY,1.44947593,103.8186948
HDB SEMBAWANG BRANCH,1.449543108,103.8187263
OCBC SEMBAWANG WAY - FAIRPRICE,1.449624956,103.8187225
STAR LEARNERS MONTESSORI @ SEMBAWANG PTE. LTD.,1.449566486,103.8186411
345 CLEMENTI AVENUE 5 SINGAPORE 120345,1.317702812,103.7690767
OCBC TAMPINES STREET 44,1.360323324,103.953126
475 TAMPINES STREET 44 SINGAPORE 520475,1.360323319,103.9531296
OCBC TAMPINES STREET 44 - FAIRPRICE,1.360323324,103.953126
CITADINES ROCHOR SINGAPORE,1.305122222,103.8514388
TEKKA PLACE,1.304628719,103.852227
MULTI STOREY CAR PARK,1.351893366,103.8794445
FOOD CENTRE,1.352090604,103.8793146
OCBC TAMAN JURONG SHOPPING CENTRE - FAIRPRICE,1.334844875,103.720462
IMAN CHILDCARE (JURONG) PTE. LTD.,1.335042029,103.720268
JURONG-CLEMENTI TOWN COUNCIL (TAMAN JURONG COLLECTION & SERVICE CENTRE),1.334665446,103.7206855
TAMAN JURONG SHOPPING CENTRE,1.334844874,103.720462
UOB TAMAN JURONG SHOPPING CENTRE,1.334844875,103.720462
OCBC TAMAN JURONG SHOPPING CENTRE,1.334844875,103.720462
JUST KIDS @ TAMAN JURONG PTE. LTD.,1.335042029,103.720268
DBS NTUC TAMAN JURONG SHOPPING CENTRE,1.334844875,103.720462
DBS TAMAN JURONG SHOPPING CENTRE,1.334764225,103.7204608
DBS NTUC TELOK BLANGAH STREET 32,1.27332806,103.808952
MULTI STOREY CAR PARK,1.273387515,103.8089806
PCF SPARKLETOTS PRESCHOOL @ TELOK BLANGAH BLK 78A (KN),1.27338252,103.8089348
OCBC TELOK BLANGAH STREET 32 - FAIRPRICE,1.273339659,103.8089901
JURONG PENJURU DORMITORY 2,1.316211135,103.7325272
"PANDAN VALLEY, ACACIA COURT",1.320441712,103.7789725
OCBC TAMPINES CENTRAL COUMMUNITY CENTRE - FAIRPRICE,1.355393063,103.9344293
DBS NTUC TAMPINES CENTRAL COMMUNITY CLUB,1.355393063,103.9344293
TAMPINES CENTRAL COMMUNITY COMPLEX,1.355364542,103.9344779
OCBC TAMPINES CENTRAL COUMMUNITY CENTRE - CHEERS,1.355393063,103.9344293
EILEEN'S LEARNING CENTRE PTE. LTD.,1.355421773,103.9343152
TECK GHEE VISTA,1.364625403,103.847677
DEMPSEY CLUSTER (TANGLIN VILLAGE),1.304175116,103.8095261
NEW WORLD CENTRE,1.307304641,103.8577061
1 JALAN BERSEH SINGAPORE 209037,1.307785095,103.857011
OCBC NEW WORLD CENTRE,1.30740645,103.8574784
KINDERLAND PRESCHOOL,1.357546869,103.8839624
KOVAN CITY,1.357586118,103.8840493
DBS NTUC HOUGANG STREET 21,1.357527728,103.8840289
OCBC HOUGANG ST 21 - FAIRPRICE,1.357527727,103.884086
ASIA SQUARE TOWER 2,1.2782295,103.8508125
THE WESTIN SINGAPORE,1.278363046,103.8509574
803 KING GEORGE'S AVENUE SINGAPORE 200803,1.308117491,103.8611886
DBS AVERY LODGE,1.321245723,103.7299698
AVERY LODGE,1.320787909,103.7297513
YISHUN RIVERGREEN,1.430071099,103.8423964
682 HOUGANG AVENUE 4 SINGAPORE 530682,1.373618304,103.8857489
OCBC HOUGANG AVE 4 - FAIRPRICE,1.373615877,103.8857589
DBS NTUC HOUGANG AVENUE 4,1.373615877,103.8857589
DBS BUKIT PANJANG PLAZA,1.380522395,103.7640514
E-BRIDGE PRE-SCHOOL PTE. LTD.,1.38050297,103.7640047
UOB BUKIT PANJANG BRANCH,1.380517331,103.7639618
BUKIT PANJANG PLAZA,1.379920452,103.7643572
BUKIT PANJANG PUBLIC LIBRARY,1.37948804,103.764595
OCBC BUKIT PANJANG PLAZA,1.379882914,103.7643778
CITIBANK BUKIT PANJANG PLAZA,1.379894944,103.7644599
DBS NTUC BUKIT PANJANG PLAZA,1.380569054,103.7640336
OCBC PARCO BUGIS JUNCTION,1.299816399,103.8559236
DBS BUGIS JUNCTION,1.299888182,103.8560234
INTERNATIONAL ENTERPRISE SINGAPORE (IE),1.299563771,103.8559926
BUGIS JUNCTION TOWERS,1.299812608,103.8559554
DBS BUGIS MRT STATION,1.300307183,103.855928
UOB BUGIS JUNCTION,1.299816397,103.8560947
DEMPSEY CLUSTER (TANGLIN VILLAGE),1.306792403,103.8101858
829 TAMPINES STREET 81 SINGAPORE 520829,1.349224196,103.9349125
UOB TAMPINES ST 81,1.349221002,103.9349143
OCBC CIRCUIT ROAD - FAIRPRICE,1.328556562,103.8853499
DBS NTUC CIRCUIT ROAD,1.328633731,103.8853726
77 CIRCUIT ROAD SINGAPORE 370077,1.328556562,103.8853499
UE SQUARE,1.29216191,103.8427029
CITIBANK UE SQUARE,1.292259585,103.842561
KEAT HONG SHOPPING CENTRE,1.377366074,103.7443936
JUST KIDS @ CHOA CHU KANG PTE. LTD.,1.377439626,103.7443832
CHOA CHU KANG MARKET,1.376777495,103.7445489
DBS CHOA CHU KANG AVENUE 1,1.377439635,103.7443832
UOB CHOA CHU KANG AVENUE 1,1.377439635,103.7443832
25A CHAI CHEE ROAD SINGAPORE 461025,1.323289599,103.9241496
UOB CHAI CHEE ROAD,1.323290228,103.9241518
DBS CHAI CHEE ROAD,1.323290228,103.9241518
OCBC CHAI CHEE ROAD - PRIME SUPERMARKET,1.323290228,103.9241518
DBS SENGKANG WEST AVENUE,1.391368809,103.876157
SHAW THEATRES SELETAR,1.39130623,103.8760851
THE SELETAR MALL,1.391470154,103.8761255
OCBC SELETAR MALL - FAIRPRICE,1.391406419,103.8761657
DBS SELETAR MALL BRANCH,1.391315491,103.8762132
UOB THE SELETAR MALL,1.391501926,103.8761716
OCBC RIVERVALE MALL,1.392217327,103.9044731
OCBC RIVERVALE MALL - FAIRPRICE,1.392217327,103.9044731
RIVERVALE MALL,1.392197778,103.9044716
11 RIVERVALE CRESCENT SINGAPORE 545082,1.39250411,103.9044837
DBS RIVERVALE MALL,1.392217327,103.9044731
UOB RIVERVALE MALL,1.392217327,103.9044731
MY FIRST SKOOL,1.441752968,103.8247917
OCBC SEMBAWANG SHOPPING CENTRE,1.441853253,103.8248324
SEMBAWANG SHOPPING CENTRE,1.441824707,103.8248452
DBS SEMBAWANG SHOPPING CENTRE,1.441853079,103.8249704
UOB SEMBAWANG SHOPPING CENTRE,1.441767152,103.8244951
BEDOK INTEGRATED TRANSPORT HUB,1.324736328,103.9292563
CITIBANK BEDOK MALL,1.324793613,103.9291821
DBS BEDOK MALL 1,1.324750542,103.9291892
BEDOK MALL,1.324736328,103.9292563
UOB BEDOK MALL,1.324772074,103.9292677
OCBC BEDOK MALL - FAIRPRICE,1.324793606,103.9293604
NEX,1.350769353,103.8722961
OCBC NEX - FAIRPRICE,1.350438181,103.8717045
SHAW THEATRRES NEX,1.350731854,103.8723132
SERANGOON BUS INTERCHANGE,1.350769352,103.8722961
SERANGOON PUBLIC LIBRARY,1.350313084,103.8729295
THE VETERINARY CLINIC PTE LTD (NEX MALL BRANCH),1.350888822,103.8721157
OCBC NEX BRANCH,1.350438181,103.8717045
STANDARD CHARTERED BANK NEX SERANGOON,1.350783497,103.8725653
CITIBANK NEX MALL,1.350645795,103.8725905
CS MONTESSORI KINDERGARTEN @ SERANGOON,1.350675514,103.8718616
WOODLANDS RECREATION CENTRE,1.450749733,103.7968465
HILLCREST PARK,1.331832465,103.8064925
KAKI BUKIT RECREATION CENTRE,1.337204634,103.9068736
DBS KAKI BUKIT RECREATION CENTRE,1.337217119,103.9066573
TECK WHYE HEIGHTS III,1.378297688,103.7540714
MULTI STOREY CAR PARK,1.282634376,103.8255958
CHENG SAN CENTRE,1.372626669,103.8539767
INTEMEDICAL 24 HR CLINIC,1.372645696,103.8538907
159 BUKIT BATOK STREET 11 SINGAPORE 650159,1.34857538,103.7427086
JUST KIDS LEARNING PLACE PTE LTD,1.348575377,103.7427086
THE SCOTTS,1.305870853,103.8331204
OCBC SCOTTS SQUARE,1.305806097,103.8330596
OCBC SCOTTS SQUARE - FAIRPRICE,1.305806097,103.8330596
DBS NTUC SCOTTS SQUARE,1.305855826,103.8329844
SCOTTS SQUARE,1.30579943,103.8330747
HDB SENGKANG BRANCH,1.385553097,103.9019607
FC/MARKET,1.384932021,103.901558
UOB RIVERVALE PLAZA,1.38548326,103.9018705
RIVERVALE PLAZA,1.385337361,103.901841
DBS NTUC RIVERVALE PLAZA,1.385504208,103.9019884
DBS RIVERVALE PLAZA BRANCH,1.385504208,103.9019884
OCBC RIVERVALE PLAZA,1.385448338,103.901926
OCBC RIVERVALE PLAZA - FAIRPRICE,1.385448338,103.901926
OCBC KIM TIAN ROAD - FAIRPRICE,1.284807338,103.829298
KAI FOOK MANSION,1.284811639,103.8293068
KAI FOOK MANSION,1.284811638,103.8293068
KAI FOOK MANSION,1.284811638,103.8293068
KAI FOOK MANSION,1.284811638,103.8293068
KAI FOOK MANSION,1.284811638,103.8293068
PRO-TEACH EDUCATION (BUKIT BATOK EAST),1.346702286,103.7572425
284 BUKIT BATOK EAST AVENUE 3 SINGAPORE 650284,1.346699052,103.7572767
THE SAIL @ MARINA BAY,1.280769435,103.8526586
EMBASSY OF ROMANIA,1.307562369,103.8293522
ORCHARD TOWERS,1.307580795,103.8294767
390 MANDAI ROAD SINGAPORE 729759,1.411244581,103.7763184
CDPL (TUAS) DORMITORY,1.270677115,103.6361448
DBS CDPL DORMITORY (TUAS),1.272693819,103.6372626
KINDERLAND PRESCHOOL,1.445622899,103.798141
CENTRAL 24-HR CLINIC (WOODLANDS),1.445717841,103.7981663
DBS WOODLANDS MART,1.44564787,103.7981623
SINGAPORE VETERINARY ANIMAL CLINIC,1.445812977,103.7982191
UOB WOODLANDS MART,1.44564787,103.7981623
GRACELAND STUDENT CARE CENTRE (WOODLANDS),1.445750777,103.7981198
WOODLANDS MART,1.445622907,103.798141
OCBC WOODLANDS MART,1.44564787,103.7981623
OCBC KIM KEAT AVENUE,1.332112915,103.8574166
DBS KIM KEAT AVENUE,1.331999623,103.8573785
MULTI STOREY CAR PARK,1.332112774,103.8573781
MULTI STOREY CAR PARK,1.452387573,103.8174401
FC,1.452736243,103.8172493
ESSO EAST COAST,1.308377307,103.9080092
CITIBANK ESSO EAST COAST,1.308361647,103.9079888
KITS4KIDS SPECIAL SCHOOL,1.366487721,103.8418534
ANG MO KIO 22,1.366558302,103.8416241
OCBC ANG MO KIO AVE 1 - FAIRPRICE,1.36650736,103.8417924
DBS NTUC ANG MO KIO AVENUE 1,1.366505757,103.8418112
310 GEYLANG ROAD SINGAPORE 389349,1.312451315,103.8796221
310A GEYLANG ROAD SINGAPORE 389349,1.312451315,103.8796221
310B GEYLANG ROAD SINGAPORE 389349,1.312451315,103.8796221
6 HOUGANG AVENUE 3 SINGAPORE 530006,1.362714463,103.8939805
WOODLANDS LODGE TWO,1.451234071,103.7979003
PALM ISLES,1.356790867,103.9636976
LIBRARY@CHINATOWN,1.285338949,103.8450156
OCBC CHINATOWN POINT - FAIRPRICE,1.285185161,103.8449429
CHINATOWN POINT,1.284998828,103.8446971
DBS NTUC CHINATOWN POINT,1.285185161,103.8449429
LAWNET & CRIMSONLOGIC SERVICE BUREAU,1.285269679,103.8450378
UOB CHINATOWN POINT,1.285185161,103.8449429
OCBC PASIR RIS WEST PLAZA - FAIRPRICE,1.379698021,103.9362708
PASIR RIS WEST PLAZA,1.379767543,103.9362076
OCBC ALEXANDRA RD - FAIRPRICE,1.27355689,103.8017141
PUBLIC TRANSPORT COUNCIL (PTC),1.273573092,103.8013265
MARITIME AND PORT AUTHORITY OF SINGAPORE (MPA),1.273751549,103.8011794
PSA BUILDING (N.K.A MTOWER),1.27360823,103.8013776
SHIPPING DIVISION,1.273716122,103.8012009
HSBC ALEXANDRA BRANCH,1.2741762,103.8015201
EDUCAZION PTE. LTD.,1.27367658,103.8011269
GAMBLING REGULATORY AUTHORITY (GRA),1.27364137,103.8013479
GEOWORKS (SINGAPORE LAND AUTHORITY),1.273625583,103.8012223
ALEXANDRA RETAIL CENTRE (ARC),1.274148936,103.8013994
MINISTRY OF TRANSPORT (MOT),1.273666538,103.8012059
MTOWER,1.2739864,103.8012641
DBS ALEXANDRA BRANCH,1.273450248,103.8016828
DBS NTUC ALEXANDRA RETAIL CENTRE,1.273842639,103.801375
UOB ALEXANDRA RETAIL CENTRE,1.273621827,103.8012789
KHATIB VALE,1.422138653,103.8328827
HOME TEAM ACADEMY (BLK 10),1.371872048,103.7208708
HOME TEAM ACADEMY (BLK 12A),1.373778837,103.7215471
HOME TEAM ACADEMY (BLK 12B),1.373728656,103.7222598
HOME TEAM ACADEMY (BLK 14),1.371856914,103.7202119
HOME TEAM ACADEMY (BLK 15),1.372306855,103.7201726
HOME TEAM ACADEMY (BLK 17),1.373208202,103.7200776
HOME TEAM ACADEMY (BLK 18),1.373626175,103.7200227
HOME TEAM ACADEMY (BLK 24),1.370318806,103.7203855
HOME TEAM ACADEMY (BLK 4),1.373980278,103.7238761
HOME TEAM ACADEMY (BLK 6),1.371727586,103.7232096
HOME TEAM ACADEMY BLK 16),1.372757141,103.7201247
PRISON STAFF TRAINING SCHOOL,1.373772634,103.7218815
HOME TEAM ACADEMY,1.373765049,103.7217817
HOME TEAM ACADEMY (BLK 1),1.372827697,103.7224145
HOME TEAM ACADEMY (BLK 11),1.372848202,103.7207508
HOME TEAM ACADEMY (BLK 13),1.371410425,103.720263
HOME TEAM ACADEMY (BLK 20),1.370843162,103.7214745
HOME TEAM ACADEMY (BLK 22),1.370974751,103.7202095
HOME TEAM ACADEMY (BLK 23),1.370601569,103.720271
HOME TEAM ACADEMY (BLK 7),1.37169851,103.7228276
TANJONG PAGAR CONSERVATION AREA,1.278173664,103.8439289
1 COVE AVENUE SINGAPORE 098537,1.247150405,103.839555
OCBC SENTOSA COVE,1.246940686,103.8399861
OCBC HOUGANG ST 91 - FAIRPRICE,1.375605071,103.879455
DBS HOUGANG 1,1.375614641,103.8794835
VILLAGE RESIDENCE HOUGANG,1.375849982,103.8793
HOUGANG 1,1.375715307,103.8794723
DBS NTUC HOUGANG POINT,1.375643354,103.8795121
UOB HOUGANG 1,1.375609857,103.8794075
BEDOK MARKET PLACE,1.331426847,103.9482571
DBS SHOP N SAVE BEDOK MARKET PLACE,1.331436231,103.9482603
UOB BEDOK ROAD,1.331436231,103.9482603
DBS NTUC EAST COAST ROAD,1.312307522,103.9252345
934 EAST COAST ROAD SINGAPORE 459125,1.312307573,103.9252345
OCBC EAST COAST ROAD - FAIRPRICE,1.312307522,103.9252345
DBS TANGLIN MALL,1.304853421,103.8238835
TANGLIN MALL,1.304843442,103.8238528
UOB TANGLIN MALL,1.304853421,103.8238835
OCBC TANGLIN MALL,1.304853421,103.8238835
SENGKANG TOWN COUNCIL (SENGKANG OFFICE),1.381997031,103.8970311
266 COMPASSVALE BOW SINGAPORE 540266,1.381877713,103.8970399
STAR LEARNERS @ SENGKANG PTE. LTD.,1.381979084,103.8970881
DBS GHIM MOH ROAD,1.308118863,103.7860494
GHIM MOH VALLEY,1.308147469,103.7862552
"LOT ONE, SHOPPERS' MALL",1.384974597,103.7450118
CHOA CHU KANG PUBLIC LIBRARY,1.38493874,103.7450225
DBS LOT 1,1.385068365,103.7449504
DBS NTUC LOT 1 SHOPPERS' MALL,1.385068365,103.7449504
SHAW THEATRES LOT ONE,1.385069923,103.7452389
OCBC LOT 1 SHOPPERS MALL,1.38511155,103.7450362
720 CLEMENTI WEST STREET 2 SINGAPORE 120720,1.302464088,103.763751
VELOCITY @ NOVENA SQUARE,1.319789492,103.8440336
NOVENA SQUARE,1.319967484,103.8438506
DBS NOVENA MRT STATION,1.320211007,103.8436568
UOB NOVENA MRT STATION,1.320458518,103.8438404
OCBC POTONG PASIR - FAIRPRICE,1.332606896,103.8671665
DBS POTONG PASIR BRANCH,1.332582969,103.8671398
POTONG PASIR POST OFFICE,1.332535916,103.8670368
POTONG PASIR COMMUNITY CLUB,1.332633815,103.8671517
PENJURU RECREATION CENTRE,1.319238114,103.7328825
DBS PENJURU RECREATION CLUB,1.318657284,103.7331521
DBS BUKIT BATOK MRT STATION,1.348710811,103.7493345
DBS NTUC BUKIT BATOK MRT STATION,1.348710811,103.7493345
UOB BUKIT BATOK MRT STATION,1.349034109,103.7495668
BUKIT BATOK MRT STATION (NS2),1.349033312,103.7495665
OCBC BUKIT BATOK MRT,1.349035348,103.749526
OCBC BUKIT BATOK MRT STATION - FAIRPRICE,1.348932281,103.7494922
HILLCREST PARK,1.331760921,103.8065867
CHANCERY COURT,1.316177418,103.837815
UOB WOODLANDS NORTH PLAZA,1.442852222,103.7909133
WOODLANDS NORTH PLAZA,1.442753343,103.790548
OCBC WOODLANDS NORTH PLAZA,1.442855482,103.7909651
DBS WOODLANDS NORTH PLAZA,1.442835921,103.7907708
LINK@896,1.336675737,103.7837092
EMBASSY OF THE REPUBLIC OF COSTA RICA,1.336603792,103.7838767
CHILDFIRST@DUNEARN PTE. LTD.,1.336697264,103.7837234
CONSULATE-GENERAL OF GREECE,1.336640232,103.7837431
YEWTEE POINT,1.396969923,103.7464432
DBS NTUC YEW TEE POINT,1.397084324,103.746598
UOB YEW TEE POINT,1.397057415,103.7466621
RESERVOIR VILLAGE,1.338242032,103.9233039
OCBC UBI AVENUE 1 - GIANT,1.329872195,103.9019297
306 UBI AVENUE 1 SINGAPORE 400306,1.329871172,103.9019304
SPRING BRAINY KIDZ GROUP PTE. LTD.,1.329872197,103.9019297
AMAZING STAR MONTESSORI HOUSE (UBI),1.329872197,103.9019297
BAO TA STUDENT CARE CENTRE (PTE) LTD,1.329872197,103.9019297
WESTLITE JUNIPER,1.406312054,103.7605617
DBS SIGLAP V,1.312753297,103.9236579
SIGLAP V,1.312847064,103.9237886
UOB SIGLAP V,1.312753297,103.9236579
DBS TUAS RECREATION CLUB,1.321108264,103.727325
1 JALAN PAPAN SINGAPORE 619392,1.320876359,103.727546
TERUSAN RECREATION CENTRE,1.320484258,103.7267228
CASA CLEMENTI,1.309791021,103.7686577
DBS CLEMENTI AVENUE 1/420A,1.309733312,103.7686373
PCF SPARKLETOTS PRESCHOOL @ CLEMENTI 420A (CC),1.309647916,103.7686674
SUNSET WAY RESIDENCE,1.322123929,103.7702659
WATERWAY TERRACES I,1.408006949,103.8990744
TOH GUAN DORMITORY,1.338332829,103.7535352
EDUCA-ZION GROUP PTE. LTD.,1.281122269,103.8100313
DBS NTUC DEPOT ROAD,1.280966807,103.8102982
DEPOT HEIGHTS SHOPPING CENTRE,1.280844695,103.8102926
OCBC DEPOT HEIGHTS SHOPPING CENTRE,1.280966807,103.8102982
86 REDHILL CLOSE SINGAPORE 150086,1.286920062,103.8186736
CHERIE HEARTS KIDZ CAMPUS PTE. LTD.,1.37860239,103.9419782
ELIAS MALL,1.378602398,103.9419782
MONTE KIDZ WORLD (PASIR RIS),1.378607179,103.9419164
OCBC WOODLANDS DRIVE 50 - FAIRPRICE,1.437118561,103.7953161
FC,1.437679198,103.7951367
888 PLAZA,1.437123015,103.7953144
MAYBANK MAYBANK@WOODLANDS888,1.437448497,103.7951515
MAYBANK OFFSITE@WOODLANDS888,1.437448497,103.7951515
CHAMPKIDS' ACADEMY PTE. LTD.,1.43767919,103.7951367
DBS NTUC 888 PLAZA,1.437118561,103.7953161
UOB WOODLANDS 888 PLAZA,1.437118561,103.7953161
683 HOUGANG AVENUE 8 SINGAPORE 530683,1.373312701,103.8863678
DBS HOUGANG AVENUE 8,1.373321226,103.8863655
UOB HOUGANG NORTH AUTOLOBBY,1.373321226,103.8863655
LEAP SCHOOLHOUSE @ CITY SQUARE MALL PTE LTD,1.311393494,103.8564871
CITIBANK CITY SQUARE MALL,1.311351699,103.8567241
CITY SQUARE MALL,1.311421031,103.856624
CITY SQUARE POST OFFICE,1.311273247,103.8566483
GOLDEN VILLAGE (GV CITY SQUARE),1.311305171,103.8564218
DBS CITY SQUARE MALL,1.311196033,103.8566481
MINDCHAMPS PRESCHOOL @ CITY SQUARE PTE. LTD,1.311393494,103.8564871
OCBC CITY SQUARE MALL - FAIRPRICE,1.311382719,103.8566269
UOB CITY SQUARE MALL AUTOLOBBY,1.31138865,103.8566262
OCBC CITY SQUARE MALL - BRANCH,1.311382719,103.8566269
OCBC TAMPINES MALL,1.352593614,103.944786
UOB TAMPINES MALL,1.352672322,103.944388
UOB TAMPINES MALL AUTOLOBBY,1.352672322,103.944388
TAMPINES MALL,1.352527373,103.9446988
GOLDEN VILLAGE (GV TAMPINES),1.352504683,103.9446826
DBS PUNGGOL FIELD,1.396526185,103.9088508
108 PUNGGOL FIELD SINGAPORE 820108,1.396498616,103.9088663
UOB PUNGGOL FIELD,1.396498616,103.9088663
AGAPE LITTLE UNI (KALLANG) PTE. LTD.,1.312640145,103.8724919
DBS NTUC UPPER BOON KENG ROAD,1.312619852,103.8725251
KALLANG HEIGHTS,1.312654496,103.8725418
OCBC UPPER BOON KENG ROAD - FAIRPRICE,1.312654496,103.8725418
WOODLANDS LODGE ONE,1.450258758,103.794824
686C WOODLANDS DRIVE 73 SINGAPORE 733686,1.442144832,103.80687
DBS WOODLANDS BRANCH,1.435150244,103.7868161
UOB WOODLANDS BRANCH,1.435150246,103.7868838
WOODLANDS CIVIC CENTRE,1.435018296,103.7869309
NORTH WEST COMMUNITY DEVELOPMENT COUNCIL,1.435044948,103.7868262
SATA COMMHEALTH WOODLANDS MEDICAL CENTRE,1.434949802,103.786675
CPF WOODLANDS SERVICE CENTRE,1.435056989,103.7870043
DBS NTUC WOODLANDS CIVIC CENTRE,1.435150244,103.7868161
KINDERLAND KINDERGARTEN (WOODLANDS),1.435077894,103.7866196
KINDERLAND PRESCHOOL,1.435077894,103.7866196
HDB WOODLANDS BRANCH,1.434990016,103.7869821
WOODLANDS CENTRAL POST OFFICE,1.435077904,103.7866196
WOODLANDS REGIONAL LIBRARY,1.43496647,103.7868574
STANDARD CHARTERED BANK WOODLANDS,1.435010997,103.7869189
WESTLINK TECHPARK,1.30071425,103.6283153
CM CENTRAL PTE LTD,1.374239517,103.8394892
161 ANG MO KIO AVENUE 4 SINGAPORE 560161,1.374164454,103.8395491
ANG MO KIO TOWN COUNCIL (KEBUN BARU OFFICE),1.374140215,103.8396733
DBS NTUC GRAND COURT,1.297275314,103.8385339
CGH BUILDING,1.297316167,103.8385413
OCBC KILLINEY ROAD - FAIRPRICE,1.297275314,103.8385339
DBS NTUC KANG KAR MALL,1.371779961,103.8941654
KANG KAR MALL,1.371735083,103.8942348
OCBC HOUGANG AVE 10 - FAIRPRICE,1.371710178,103.8942478
HOMETEAMNS BUKIT BATOK,1.36588359,103.7502192
DBS NTUC HOMETEAM BUKIT BATOK,1.365773912,103.7485209
OCBC BUKIT BATOK WEST AVE 7 - FAIRPRICE,1.365773912,103.7485209
HOMETEAMNS ADVENTURE CENTRE BUKIT BATOK,1.366167116,103.7469517
HOMETEAMNS BUKIT BATOK GOLF DRIVING RANGE,1.365748017,103.74848
SAFARI HOUSE PRESCHOOL BT BATOK,1.366506991,103.7468471
OCBC IMM BUILDING - NEAR FOOD KIOSK SECTION,1.334917588,103.7468771
IMM BUILDING,1.334875261,103.7468948
MAYBANK OFFSITE@IMM,1.334666619,103.7469566
UOB IMM BUILDING AUTOLOBBY,1.334917588,103.7468771
OCBC IMM BUILDING - NEAR GIANT SUPERMARKET,1.334917588,103.7468771
DBS IMM EBC,1.334917588,103.7468771
OCBC PUNGGOL DRIVE - FAIRPRICE,1.404610031,103.9086656
DAMAI GROVE,1.404610031,103.9086656
SWEETLANDS CHILDCARE PUNGGOL 612 PTE. LTD.,1.404610028,103.9086656
ELDIX,1.408602535,103.759759
JURONG WEST POST OFFICE,1.350112439,103.7245987
CENTRAL 24-HR CLNIC (JURONG WEST),1.350085031,103.7247573
DBS JURONG WEST STREET 41,1.350110346,103.7246718
492 JURONG WEST STREET 41 SINGAPORE 640492,1.349945436,103.7251805
44 JALAN MERAH SAGA SINGAPORE 278116,1.311921954,103.796844
DBS NTUC CAMBRIDGE ROAD,1.315315951,103.8494542
43 CAMBRIDGE ROAD SINGAPORE 210043,1.315363027,103.8494345
OCBC CAMBRIDGE ROAD - FAIRPRICE,1.315315951,103.8494542
DBS APERIA BRANCH,1.309711207,103.8643264
IMONTESSORI PTE. LTD.,1.30974242,103.8641017
JOSIAH BABIES (APERIA),1.30974242,103.8641017
APERIA,1.309711207,103.8643264
TUAS TECHPARK,1.310694281,103.63019
MYVILLAGE AT SERANGOON GARDEN,1.365114906,103.8651595
DBS SERANGOON GARDEN BRANCH,1.365043438,103.8652816
DBS NTUC SERANGOON GARDEN VILLAGE,1.365280606,103.8651012
DBS SERANGOON TREASURES,1.365280606,103.8651012
CLEMENTI ARCADE,1.323552869,103.7675155
BRIGHTON MONTESSORI INTERNATIONAL PRE-SCHOOL @ SUNSET,1.323250401,103.7672601
387 UPPER ALJUNIED ROAD SINGAPORE 367872,1.333123242,103.8788419
YISHUN CENTRAL POST OFFICE,1.429733874,103.8358549
YISHUN PUBLIC LIBRARY,1.429314161,103.836523
NORTHPOINT CITY,1.429698486,103.8357765
MAYBANK MAYBANK@YISHUN,1.429244143,103.8361072
UOB NORTHPOINT SHOPPING CENTRE,1.429643774,103.8358035
OCBC NORTHPOINT,1.429667701,103.8358392
NORTHPOINT CITY (NORTH WING),1.429466608,103.8357907
KHATIB MRT STATION (NS14),1.41738337,103.8329799
DBS KHATIB MRT STATION,1.417589061,103.833061
UOB KHATIB MRT STATION,1.417589061,103.833061
CITIBANK KHATIB SMRT STATION,1.417589061,103.833061
OCBC KHATIB MRT STATION,1.41738337,103.8329799
OCBC CHANGI AIRPORT TERMINAL 2 - ARRIVAL HALL NORTH,1.356239754,103.989365
OCBC CHANGI AIRPORT TERMINAL 2 - DEPARTURE/CHECK-IN HALL NORTH,1.356239754,103.989365
OCBC CHANGI AIRPORT TERMINAL 2 - DEPARTURE/TRANSIT LOUNGE SOUTH,1.356239754,103.989365
OCBC CHANGI AIRPORT TERMINAL 2 - DEPARTURE/TRANSIT NORTH,1.356239754,103.989365
DBS CHANGI AIRPORT TERMINAL 2 BASEMENT,1.356239754,103.989365
CITIBANK CHANGI AIRPORT TERMINAL 2 DEPARTURE HALL,1.355738684,103.9891119
CIVIL AVIATION AUTHORITY OF SINGAPORE (CAAS),1.355247096,103.9891497
UOB CHANGI AIRPORT BRANCH (T2),1.356007377,103.9889418
UOB CHANGI AIRPORT TERMINAL 2 - ARRIVAL MEETING HALL NORTH,1.356239754,103.989365
UOB CHANGI AIRPORT TERMINAL 2 - DEPARTURE TRANSIT LOUNGE SOUTH,1.356239754,103.989365
MAYBANK OFFSITE@CHANGIAIRPORTT2,1.355977241,103.9892441
METEOROLOGICAL SERVICE SINGAPORE,1.355251763,103.9889397
HSBC CHANGI AIRPORT T2 ARRIVAL HALL SOUTH EXIT DOOR 4,1.3554634,103.9892768
OCBC CHANGI AIRPORT TERMINAL 2 - ARRIVAL HALL SOUTH,1.356239754,103.989365
CHANGI AIRPORT BUS TERMINAL 2,1.355299432,103.989142
CHANGI AIRPORT RECREATION CLUB,1.355504551,103.989141
CHANGI AIRPORT TERMINAL 2 BUILDING,1.354969382,103.9890665
CHANGI AIRPORT TERMINAL 2 POST OFFICE,1.355190947,103.988751
CITIBANK CHANI AIRPORT TERMINAL 2 ARRIVAL HALL TRANSIT LOUNGE,1.355738671,103.989306
DBS CHANGI AIRPORT TERMINAL 2 ARRIVAL MEETING HALL,1.356239754,103.989365
FERNVALE RIVERGROVE,1.397798747,103.8816988
GROUND PLAZA (MARINA BAY LINK MALL),1.279921262,103.8547731
MARINA BAY LINK MALL,1.280238254,103.8533697
LEARNING VISION @ WORK PTE. LTD.,1.430443615,103.7938049
VISTA POINT,1.430897146,103.7939274
OCBC VISTA POINT,1.430801139,103.7941048
OCBC VISTA POINT - CHEERS,1.430801139,103.7941048
FC,1.430443618,103.7938049
DBS VISTA POINT,1.430999316,103.7941016
UOB VISTA POINT,1.430840068,103.7934163
WOODLANDS DEW,1.44834155,103.8010571
612 GEYLANG ROAD SINGAPORE 389551,1.314150013,103.8885449
612A GEYLANG ROAD SINGAPORE 389551,1.314150013,103.8885449
612B GEYLANG ROAD SINGAPORE 389551,1.314150013,103.8885449
612C GEYLANG ROAD SINGAPORE 389551,1.314150013,103.8885449
OCBC PARAGON,1.304006404,103.8359789
CITIBANK PARAGON,1.303710847,103.8352666
THE PARAGON,1.303872309,103.8358575
PARAGON MEDICAL,1.304182126,103.835941
MINDCHAMPS PRESCHOOL @ PARAGON PTE. LIMITED,1.303723224,103.8352403
DBS PARAGON SHOPPING CENTRE,1.303723217,103.8352403
UOB THE PARAGON,1.30375856,103.8352403
DBS TANGLIN HALT ROAD,1.302038022,103.7980217
CARE CORNER FAMILY SERVICE CENTRE (QUEENSTOWN),1.301785064,103.7982264
COMMONWEALTH VIEW,1.301864727,103.7981743
UOB TANGLIN HALT ROAD,1.301864728,103.7981743
147 SYED ALWI ROAD SINGAPORE 207706,1.309752999,103.8557015
225 OUTRAM ROAD SINGAPORE 169038,1.283450776,103.8353712
225A OUTRAM ROAD SINGAPORE 169038,1.283450776,103.8353712
225B OUTRAM ROAD SINGAPORE 169038,1.283450776,103.8353712
225C OUTRAM ROAD SINGAPORE 169038,1.283450776,103.8353712
225D OUTRAM ROAD SINGAPORE 169038,1.283450776,103.8353712
225E OUTRAM ROAD SINGAPORE 169038,1.283450776,103.8353712
225F OUTRAM ROAD SINGAPORE 169038,1.283450776,103.8353712
OCBC HOUGANG AVE 1 - 7 ELEVEN,1.353703135,103.8906808
DBS HOUGANG AVENUE 1,1.353703135,103.8906808
UOB HOUGANG AVENUE 1,1.353703135,103.8906808
106 HOUGANG AVENUE 1 SINGAPORE 530106,1.353702971,103.8906808
HDB BISHAN BRANCH,1.349622352,103.8498817
512 BISHAN STREET 13 SINGAPORE 570512,1.34962235,103.8498817
RAFFLES CITY TOWER,1.294076445,103.8533318
RAFFLES CITY SHOPPING CENTRE,1.293893579,103.8531199
CITIBANK RAFFLES CITY SHOPPING CENTRE,1.293760281,103.8527683
OCBC WOODLANDS AVE 1 - FAIRPRICE,1.431063955,103.7904541
CHAMPIONS COURT,1.431063955,103.7904541
DBS NTUC WOODLANDS AVENUE 1,1.431063955,103.7904541
UOB ANG MO KIO AVENUE 6,1.371409211,103.8470829
OCBC ANG MO KIO AVE 6 - FAIRPRICE,1.371409211,103.8470829
DBS NTUC ANG MO KIO AVENUE 6,1.371305078,103.8471293
712 ANG MO KIO AVENUE 6 SINGAPORE 560712,1.371410968,103.8470845
BRICKWORKS ESTATE,1.28645354,103.8082424
DBS NTUC JALAN BUKIT MERAH/1,1.286471486,103.8082751
OCBC JALAN BUKIT MERAH - FAIRPRICE,1.286441576,103.808287
MACPHERSON RESIDENCY,1.329181051,103.8882484
MY FIRST SKOOL,1.339315039,103.705351
BOON LAY BUS INTERCHANGE,1.33931504,103.705351
STANDARD CHARTERED BANK JURONG POINT,1.339581968,103.7060064
MAYBANK MAYBANK@JURONGPOINT,1.33931504,103.705351
ZHONGSHAN MALL,1.326945045,103.8465544
RAMADA SINGAPORE AT ZHONGSHAN PARK,1.327029916,103.8464909
OCBC JURONG WEST ST 41 - FAIRPRICE,1.348333357,103.7243073
DBS NTUC JURONG WEST STREET 41,1.348333357,103.7243073
498 JURONG WEST STREET 41 SINGAPORE 640498,1.348333358,103.7243073
GETHSEMANE BIBLE PRESBYTERIAN CHURCH,1.318940374,103.89494
GOLDEN VILLAGE (GV PAYA LEBAR),1.31885611,103.8940672
DBS NTUC SINGAPORE POST CENTRE,1.318982204,103.8947228
DBS PAYA LEBAR BRANCH,1.319027069,103.8947585
SINGAPORE POST CENTRE,1.318996669,103.8948949
OCBC SINGAPORE POST CENTRE - FAIRPRICE,1.318838262,103.8945823
HEART OF GOD CHURCH,1.318869408,103.8947313
GENERAL POST OFFICE,1.318931326,103.8944829
KRANJI INDUSTRIAL ESTATE,1.43594536,103.7540084
THE LEO,1.337338627,103.9037351
OCBC WOODLANDS AVENUE 1 - FAIRPRICE,1.429336335,103.7813373
DBS NTUC THE WOODGROVE,1.429384741,103.7812921
THE WOODGROVE,1.428987657,103.780917
70 TUAS SOUTH AVENUE 1 SINGAPORE 637285,1.312703972,103.6261294
DBS TUAS VIEW DORMITORY,1.313953297,103.6258157
TUAS VIEW DORMITORY,1.314099429,103.6258945
212 LORONG 8 TOA PAYOH SINGAPORE 310212,1.340642936,103.8543345
OCBC TOA PAYOH LORONG 8,1.340652197,103.8543345
EASTWOOD CENTRE,1.321542499,103.9555356
DBS KALLANG LEISURE PARK,1.302221774,103.8761527
UOB KALLANG LEISURE PARK,1.301928838,103.8762082
LEISURE PARK KALLANG,1.302301084,103.876474
OCBC STADIUM STATION,1.302301084,103.876474
FILMGARDE AT LEISURE PARK KALLANG,1.302404625,103.8766381
HOLLAND ROAD SHOPPING CENTRE,1.310277476,103.7953712
MINDCHAMPS PRESCHOOL @ HOLLAND V PTE. LTD.,1.310255422,103.7953504
UOB HOLLAND ROAD BRANCH,1.310255419,103.7953504
OCBC KALLANG WAVE - FAIRPRICE,1.303071576,103.8730447
OCBC KALLANG WAVE BRANCH,1.303075152,103.8731497
KALLANG WAVE MALL,1.303075152,103.8731497
509 BEDOK NORTH STREET 3 SINGAPORE 460509,1.333175419,103.931265
CARING HUT,1.333066482,103.9310914
STAR KIDZ POWERCLUB,1.333066482,103.9310914
LITTLE PROFESSORS EDUCATION CENTRE @ BEDOK LLP,1.333066482,103.9310914
DBS BEDOK NORTH STREET 3,1.333175419,103.931265
OCBC THE CLEMENTI MALL - FAIRPRICE,1.315161908,103.7647118
DBS CLEMENTI MALL,1.315495939,103.7645838
DBS NTUC CLEMENTI MALL,1.315495939,103.7645838
CLEMENTI CENTRAL POST OFFICE,1.315353307,103.7646519
THE CLEMENTI MALL,1.314896196,103.7644231
STANDARD CHARTERED BANK CLEMENTI MALL,1.315553403,103.7645276
CITIBANK CLEMENTI MALL,1.315553543,103.7645964
CLEMENTI BUS INTERCHANGE,1.314966523,103.7642705
CLEMENTI PUBLIC LIBRARY,1.31498673,103.7647247
UOB CLEMENTI BUS INTERCHANGE,1.314853224,103.7642482
SKYLACE LEARNING HUB PTE LTD,1.339044798,103.8556183
KIM KEAT COURT,1.339044798,103.8555411
SEGAR VALE,1.388240217,103.7695754
TECK GHEE HEARTLANDS,1.365384226,103.852967
52 CHIN SWEE ROAD SINGAPORE 160052,1.287082783,103.8415801
MANDAI LODGE 1,1.410722195,103.768396
313 TANJONG KATONG ROAD SINGAPORE 437096,1.306086558,103.8961504
313A TANJONG KATONG ROAD SINGAPORE 437096,1.306086558,103.8961504
313B TANJONG KATONG ROAD SINGAPORE 437096,1.306086558,103.8961504
313C TANJONG KATONG ROAD SINGAPORE 437096,1.306086558,103.8961504
CATHAY CINEPLEX DOWNTOWN EAST,1.375951222,103.9555989
COSTA SANDS RESORT (DOWNTOWN EAST),1.379127179,103.9554448
DBS DOWNTOWN EAST RESORT,1.376590365,103.9556894
DBS NTUC PASIR RIS E!HUB,1.376590365,103.9556894
DOWNTOWN EAST,1.376914125,103.9550367
E!HUB@DOWNTOWN EAST,1.376343383,103.9556493
ACES MONTESSORI KIDZ KINDERGARTEN,1.376698068,103.9551412
OCBC DOWNTOWN EAST - MARKET SQUARE@DOWNTOWN EAST,1.376656855,103.9556828
D'RESORT @ DOWNTOWN EAST,1.380177501,103.9551507
UOB E!HUB DOWNTOWN EAST,1.377140741,103.9535991
WILD WILD WET,1.377377667,103.9542711
NTUC CLUB,1.376565677,103.9552229
OCBC DOWNTOWN EAST - FAIRPRICE,1.376656855,103.9556828
PASIR RIS POST OFFICE,1.377128208,103.9550302
CITIBANK PLAZA SINGAPURA,1.30083413,103.8450727
UOB PLAZA SINGAPURA,1.300820718,103.8450673
PLAZA SINGAPURA,1.30074771,103.8450476
DBS PLAZA SINGAPURA BRANCH,1.300820718,103.8450673
HSBC PLAZA SINGAPURA,1.300834972,103.8450729
GOLDEN VILLAGE (GV PLAZA),1.300820718,103.8450673
OCBC PLAZA SINGAPURA,1.300820718,103.8450673
STANDARD CHARTERED BANK PLAZA SINGAPURA,1.30083413,103.8450727
BINJAI PARK,1.336613787,103.7869748
BINJAI PARK,1.336614756,103.7869692
BINJAI PARK,1.336614756,103.7869692
OCBC SUNSHINE PLACE,1.377897277,103.7390155
DBS SUNSHINE PLACE,1.377897277,103.7390155
KITS4KIDS SPECIAL SCHOOL,1.377968358,103.7391757
THE JOYOUS VET,1.377971933,103.7390421
LEARNING VISION @ WORK PTE LTD,1.377974793,103.7389413
SUNSHINE PLACE,1.377897276,103.7390155
KINDERLAND  KINDERGARTEN (CHOA CHU KANG),1.378056148,103.7389318
UOB SUNSHINE PLACE,1.377897277,103.7390155
KEAT HONG LAUREL,1.380627988,103.7415201
DBS NTUC EUNOS CRESCENT,1.321193276,103.903409
5 EUNOS CRESCENT SINGAPORE 400005,1.321190968,103.9035545
OCBC EUNOS CRESCENT - FAIRPRICE,1.321189791,103.9032663
DBS NTUC COMPASSVALE LINK,1.382379847,103.8938004
ASPELLA,1.38233699,103.8936078
OCBC COMPASSVALE LINK - FAIRPRICE,1.382379847,103.8938004
542B SERANGOON NORTH AVENUE 3 SINGAPORE 552542,1.37368393,103.871417
MKT/FC,1.373729439,103.8714512
MRC KINDERGARTEN (SERANGOON NORTH),1.373683929,103.871417
JOO KOON BUS INTERCHANGE,1.327161861,103.6782793
UOB JOO KOON BUS INTERCHANGE,1.325617641,103.6784106
DBS NTUC BENOI WAREHOUSE CLUB,1.324606649,103.6780964
FAIRPRICE HUB,1.325617678,103.6784097
OCBC BENOI RD- FAIRPRICE,1.325617641,103.6784106
SQUARE 2,1.32070511,103.8441607
NOVENA MEDICAL CENTRE,1.320441031,103.8441926
DBS NTUC SQUARE 2,1.320429671,103.8438921
TUAS TECHPARK,1.311002407,103.6315723
36 YIO CHU KANG ROAD SINGAPORE 545553,1.356760561,103.8760016
4 SAGO LANE SINGAPORE 050004,1.281800622,103.8429082
376 BUKIT BATOK STREET 31 SINGAPORE 650376,1.358317052,103.7495799
510 BISHAN STREET 13 SINGAPORE 570510,1.348888439,103.849692
STAR LEARNERS MONTESSORI PTE. LTD.,1.348888439,103.849692
OCBC BISHAN ST 13 - FAIRPRICE,1.348888439,103.849692
DBS NTUC BISHAN STREET 13,1.348888483,103.8496922
FUNAN O1,1.291372584,103.8502825
FUNAN O2,1.29111964,103.849875
DEPARTMENT OF STATISTICS,1.29109531,103.8499248
"PARKROYAL COLLECTION MARINA BAY, SINGAPORE",1.291573957,103.857027
DBS MARINA SQUARE,1.290981684,103.8576476
PSB ACADEMY CITY CAMPUS,1.291207739,103.8575407
MARINA SQUARE,1.291855333,103.8585781
UOB MARINA SQUARE,1.290986357,103.8574898
UOB MARINA SQUARE AUTOLOBBY,1.290971999,103.8575754
OCBC MARINA SQUARE,1.291594805,103.8570487
MINDCHAMPS PRESCHOOL @ MARINA SQUARE PTE. LTD.,1.291455268,103.8570073
TIONG BAHRU ESTATE,1.284413965,103.8341355
11 MOHAMED SULTAN ROAD SINGAPORE 239010,1.293841011,103.8416149
BCH@301,1.312721174,103.878642
CARPE DIEM YOUNG JOY PTE. LTD.,1.383399516,103.7710861
OCBC FAJAR SHOPPING CENTRE,1.383601112,103.7709401
FAJAR SHOPPING CENTRE,1.383580324,103.7707685
DBS FAJAR SHOPPING CENTRE,1.383574699,103.7708685
UOB FAJAR SHOPPING CENTRE,1.38364777,103.7708866
OCBC BUKIT BATOK WEST AVE 8 - FAIRPRICE,1.347162362,103.7428079
166 BUKIT BATOK WEST AVENUE 8 SINGAPORE 650166,1.34715255,103.7428248
MAX STUDENT CARE SERVICES,1.347372003,103.7428944
DBS NTUC BUKIT BATOK EAST AVENUE 8,1.347162362,103.7428079
OCBC BEDOK NORTH ST 1 - FAIRPRICE,1.325918415,103.931687
DBS NTUC BEDOK NORTH STREET 1,1.325884918,103.9316537
212 BEDOK NORTH STREET 1 SINGAPORE 460212,1.325940692,103.93164
OCBC LIMBANG SHOPPING CENTRE,1.392073887,103.7430996
DBS NTUC LIMBANG SHOPPING CENTRE,1.392073887,103.7430996
CHERIE HEARTS HOLDINGS PTE. LTD.,1.392073879,103.7430996
LIMBANG SHOPPING CENTRE,1.392067823,103.7431023
OCBC LIMBANG SHOPPING CENTRE - FAIRPRICE,1.392059532,103.7431549
DBS LIMBANG SHOPPING CENTRE,1.392073887,103.7430996
OCBC TAMPINES CENTRAL 1,1.35590219,103.9459122
DBS TAMPINES CENTRAL,1.355952387,103.9459374
506 TAMPINES CENTRAL 1 SINGAPORE 520506,1.355952387,103.9459374
COMPASSVALE NORTH GATE,1.394848165,103.8960423
DBS COMPASSVALE STREET/263,1.394848165,103.8960423
YISHUN MRT STATION (NS13),1.429443085,103.835005
OCBC YISHUN MRT STATION,1.429588766,103.8350504
CITIBANK YISHUN SMRT STATION,1.429517287,103.8350583
UOB YISHUN MRT STATION,1.429445808,103.8350583
DBS YISHUN MRT STATION,1.429525229,103.8349951
OCBC NEW UPPER CHANGI ROAD - FAIRPRICE,1.324252012,103.9415719
DBS NEW UPPER CHANGI ROAD,1.324252012,103.9415719
57 NEW UPPER CHANGI ROAD SINGAPORE 461057,1.324245542,103.9415687
UOB NEW UPPER CHANGI ROAD,1.324252012,103.9415719
BLUE STARS DORMITORY,1.333145784,103.6952481
OKIO,1.322133428,103.8531997
YOUNG ACHIEVERS EDUCATION CENTRE,1.3455121,103.7312191
YUHUA PLACE,1.345512106,103.7312191
OCBC JURONG EAST ST 31 - FAIRPRICE,1.345512106,103.7312191
DBS NTUC JURONG EAST STREET 31/345,1.345512106,103.7312191
PERENNIAL BUSINESS CITY,1.3319184,103.7449204
PUNGGOL TOPAZ,1.405413537,103.8968239
NOBLELAND ARTS N LEARNING PLACE @PUNGGOL PTE. LTD.,1.405413536,103.8968239
71 KALLANG BAHRU SINGAPORE 330071,1.320992942,103.87039
DBS KALLANG BAHRU,1.320945086,103.870428
DBS NTUC KALLANG BAHRU,1.320945087,103.8703377
UOB KALLANG BAHRU,1.320969013,103.8704756
OCBC KALLANG BAHRU - FAIRPRICE,1.320911587,103.87039
DBS UPPER ALJUNIED ROAD,1.334292423,103.8787911
1 UPPER ALJUNIED LANE SINGAPORE 360001,1.334292424,103.8787462
VALLEY POINT,1.293036009,103.8270691
VALLEY POINT SHOPPING CENTRE,1.293017851,103.8269408
OCBC RIVER VALLEY ROAD - FAIRPRICE,1.293105154,103.8270759
DBS NTUC VALLEY POINT,1.293099172,103.8270462
CARNIVAL CINEMAS S11 PUNGGOL,1.417641025,103.8963481
DBS PPT LODGE 1B,1.417032225,103.8960853
PPT LODGE 1B,1.4169078,103.8960188
COSTA RIS,1.369686255,103.9479224
WESTLITE TOH GUAN DORMITORY,1.336499316,103.751872
SHAW HOUSE,1.305809816,103.8315074
SHAW THEATRES LIDO,1.305868006,103.8315183
JURONG EAST VILLE,1.336584653,103.7376233
NOVENA REGENCY,1.321146529,103.8415504
DBS CONNEXIS,1.299510673,103.7875557
CONNEXIS,1.299437367,103.7875767
CONNEXIS / SYMBIOSIS,1.299150165,103.7875812
"AGENCY FOR SCIENCE, TECHNOLOGY AND RESEARCH (A*STAR)",1.299598572,103.7876409
INSTITUTE OF HIGH PERFORMANCE COMPUTING,1.299363288,103.7876876
SPRING SINGAPORE (TECHNOLOGY INNOVATION DIVISION),1.299294066,103.7874041
INSTITUTE FOR INFOCOMM RESEARCH,1.299383209,103.7875887
SCIENCE & ENGINEERING RESEARCH COUNCIL,1.29927805,103.7876177
BETHESDA COMMUNITY,1.324645447,103.9311115
209 NEW UPPER CHANGI ROAD SINGAPORE 460209,1.324635731,103.9310688
DBS WHITE SANDS BRANCH,1.372287616,103.9497339
OCBC WHITE SANDS BRANCH,1.372345191,103.9498054
DBS NTUC WHITE SANDS,1.372287616,103.9497339
UOB WHITE SANDS MALL,1.372449817,103.9497157
WHITE SANDS,1.372449817,103.9497157
OCBC WHITE SANDS - FAIRPRICE,1.372345191,103.9498054
PASIR RIS PUBLIC LIBRARY,1.372456407,103.9497635
91 UPPER PAYA LEBAR ROAD SINGAPORE 534821,1.337484929,103.8870042
DBS NUS KENT VALE,1.301761305,103.7693694
KENT VALE,1.301760495,103.7693711
SEMBAWANG RIVERLODGE,1.455512086,103.8145403
DBS SEMBAWANG DRIVE 463,1.455553884,103.8146493
GEYLANG SERAI MARKET,1.31672515,103.8979774
SRI GEYLANG SERAI,1.316736349,103.8982279
DBS GEYLANG SERAI MARKET AND FOOD CENTRE,1.316678856,103.8981027
UOB GEYLANG SERAI MARKET,1.316736349,103.8982279
OCBC HAVELOCK ROAD - FAIRPRICE,1.289764755,103.8268029
THE BEO CRESCENT,1.289778139,103.8267937
MY FIRST SKOOL,1.28977814,103.8267938
DBS NTUC HAVELOCK ROAD,1.289764755,103.8268029
EMBASSY OF SWEDEN,1.300212928,103.8372865
SWEDISH SUPPLEMENTARY EDUCATION SCHOOL,1.300300123,103.8373125
OCBC TRIPLE ONE SOMERSET - FAIRPRICE,1.300286776,103.8374202
111 SOMERSET,1.300206257,103.8373171
EUNOS GROVE,1.332959236,103.9149418
UOB BEDOK RESERVOIR ROAD,1.332958733,103.9149418
OCBC BEDOK RESERVOIR RD - 7 ELEVEN,1.332958733,103.9149418
142 TECK WHYE LANE SINGAPORE 680142,1.380790496,103.7519544
CITIBANK FORUM THE SHOPPING MALL,1.306554305,103.8286525
DBS FORUM THE SHOPPING MALL,1.306248731,103.8290349
CHILTERN HOUSE FORUM,1.306195799,103.828509
FORUM THE SHOPPING MALL,1.306097522,103.8286786
OCBC FORUM THE SHOPPING MALL,1.306248731,103.8290349
761 YISHUN STREET 72 SINGAPORE 760761,1.425398425,103.833259
UOB YISHUN STREET 72,1.425398424,103.833259
291 YISHUN STREET 22 SINGAPORE 760291,1.435760804,103.8367239
UOB YISHUN AUTOLOBBY,1.435762303,103.8367289
OCBC YISHUN ST 22 - 7 ELEVEN,1.435762303,103.8367289
GHIM MOH ESTATE POST OFFICE,1.310081182,103.7885329
21 GHIM MOH ROAD SINGAPORE 270021,1.310103026,103.788546
HILLV2,1.362674508,103.7641729
LEARN 4 OUR FUTURE LLP,1.433642735,103.8396346
239 YISHUN RING ROAD SINGAPORE 760239,1.433595146,103.8396854
DBS NTUC YISHUN RING ROAD,1.433594531,103.8396867
DBS PUNGGOL DRIVE,1.399461178,103.9160545
THE MEADOWS,1.399446151,103.9160547
BETHEL KINDERLITES,1.321766436,103.8866728
BETHEL STUDENT CARE CENTRE,1.321766436,103.8866728
DBS NTUC ALJUNIED AVENUE 2,1.321724552,103.8868071
OCBC ALJUNIED AVE 2 - FAIRPRICE,1.321724552,103.8868071
114 ALJUNIED AVENUE 2 SINGAPORE 380114,1.321722962,103.8868118
MLC (WELLINGTON) PTE. LTD.,1.453845188,103.8195433
SEMBAWANG MART,1.453810656,103.8196198
ZULFA KINDERGARTEN @ SEMBAWANG MART PTE LTD,1.453845188,103.8195433
BERRY TREE PRESCHOOL@SEMBAWANG PRIVATE LIMITED,1.453845188,103.8195433
OCBC CANBERRA ROAD - FAIRPRICE,1.453610144,103.8196256
DBS NTUC CANBERRA ROAD,1.45384519,103.8195433
WESTLINK TECHPARK,1.300911235,103.62779
HARBOURFRONT CENTRE CHECKPOINT,1.263472536,103.8202272
CONSULATE-GENERAL OF THE REPUBLIC OF COTE D'IVOIRE,1.264012932,103.820051
DBS HARBOURFRONT BRANCH,1.264478445,103.8203152
UOB HARBOURFRONT CENTRE AUTOLOBBY,1.262063364,103.8187326
OCBC MARITIME SQUARE HARBOURFRONT BRANCH,1.264088893,103.8202088
DBS SINGAPORE CRUISE CENTRE,1.264478445,103.8203152
HARBOURFRONT CENTRE,1.263969912,103.8202433
HARBOURFRONT CENTRE POST OFFICE,1.263931603,103.8201122
HARBOURFRONT PASSENGER TERMINAL,1.264031726,103.8203497
OCBC MARITIME SQUARE,1.264088893,103.8202088
SINGAPORE CRUISE CENTRE,1.263365415,103.8202401
MULTI STOREY CAR PARK,1.364489743,103.7519871
PCF SPARKLETOTS PRESCHOOL @ BUKIT GOMBAK 395A (CC),1.363938215,103.751896
DBS ANCHORPOINT,1.289011589,103.805331
ANCHORPOINT SHOPPING CENTRE,1.28861469,103.80501
UOB ANCHORPOINT,1.28861469,103.80501
FUCHUN NEIGHBOURHOOD CENTRE,1.43150527,103.7735157
GLOBALKIDS EDU PTE LTD,1.375635002,103.8719964
SERANGOON NORTH AMENITY CENTRE,1.375653901,103.8720178
OCBC SERANGOON NORTH AVE 5 - SHENG SIONG,1.375653673,103.8720121
CLUNY COURT,1.322573169,103.8142455
OCBC YUNG KUANG ROAD - FAIRPRICE,1.332059386,103.7224529
DBS NTUC YUNG KUANG ROAD,1.332059386,103.7224529
63 YUNG KUANG ROAD SINGAPORE 610063,1.332213982,103.7226916
343 BEDOK ROAD SINGAPORE 469526,1.331272339,103.9472683
GREEN COURT,1.313289737,103.8851538
GREEN COURT,1.313289737,103.8851538
GREEN COURT,1.313289737,103.8851538
OCBC JURONG POINT SHOPPING CENTRE,1.339452004,103.706685
OCBC JURONG POINT SHOPPING CENTRE - JURONG POINT BRANCH,1.339452004,103.706685
DBS JURONG POINT BRANCH,1.339452004,103.706685
JURONG POINT,1.339452717,103.706685
JURONG POINT POST OFFICE,1.339830158,103.7064609
UOB JURONG POINT BRANCH,1.339452004,103.706685
OCBC JURONG POINT SHOPPING CENTRE - FAIRPRICE,1.339452004,103.706685
JURONG POINT FOODCOURT,1.34040038,103.7066741
GOLDEN VILLAGE (GV JURONG POINT),1.339452004,103.706685
NEW HORIZON CENTRE (JURONG POINT),1.339738866,103.7067896
DBS JURONG WEST BRANCH,1.339473475,103.7067488
UOB JURONG POINT SHOPPING CENTRE,1.339452004,103.706685
NGEE ANN CITY,1.302424172,103.8346761
MARINE TERRACE HAVEN,1.305605694,103.9153761
TANGLIN DELIVERY BASE,1.305611665,103.8229629
TANGLIN POST OFFICE,1.305552432,103.8230845
WEE CARE KINDERGARTEN,1.305611671,103.8229629
DBS MARINA BAY SANDS BASEMENT 2,1.283558721,103.8585057
DBS MARINA BAY SANDS LEVEL 1,1.283558721,103.8585057
THE SHOPPES AT MARINA BAY SANDS,1.28423496,103.8589823
CRYSTAL PAVILION SOUTH,1.283322499,103.8576291
DBS DBS MARINA BAY SANDS BRANCH,1.283854644,103.8586749
GOMBAK PLACE,1.347701477,103.7570446
OCBC BUKIT BATOK EAST AVE 3 - FAIRPRICE,1.347622398,103.7571501
DBS NTUC BUKIT BATOK EAST AVENUE 3,1.347622398,103.7571501
CORALINUS,1.403719398,103.906138
UOB PUNGGOL CENTRAL,1.403580476,103.906279
COMPASSVALE ANCILLA,1.386218355,103.8929955
DBS NTUC SENGKANG EAST AVENUE/279,1.386218355,103.8929955
OCBC SENGKANG EAST AVE - FAIRPRICE,1.386218354,103.8930383
DBS THOMSON BRANCH,1.354794362,103.8309249
OCBC THOMSON PLAZA,1.354837432,103.8309725
THOMSON PLAZA,1.354669025,103.8309198
UOB THOMSON PLAZA,1.354799148,103.831001
122 ANG MO KIO AVENUE 3 SINGAPORE 560122,1.370188607,103.8434132
DBS NTUC BUKIT PANJANG RING ROAD,1.377600591,103.7724897
BUKIT PANJANG HAWKER CENTRE,1.377597423,103.7724915
DBS NTUC YISHUN RING ROAD 1,1.424528491,103.8465955
414 YISHUN RING ROAD SINGAPORE 760414,1.424528497,103.8465955
OCBC YISHUN RING ROAD - FAIRPRICE,1.424528491,103.8465955
DBS BEDOK SOUTH ROAD,1.320439328,103.9347819
UOB BEDOK SOUTH ROAD,1.320527715,103.9347643
18 BEDOK SOUTH ROAD SINGAPORE 460018,1.320625049,103.9347342
ENTERPRISE HUB,1.336773733,103.7543622
UOB ENTERPRISE HUB,1.336830976,103.7543414
DBS TUAS SOUTH RECREATION CLUB,1.270195854,103.6344796
TUAS SOUTH RECREATION CENTRE,1.270309778,103.6341639
THOMSON IMPERIAL COURT,1.351844992,103.8360536
2 JOO CHIAT ROAD SINGAPORE 420002,1.315539644,103.8987649
JOO CHIAT COMPLEX,1.315521868,103.8990541
OCBC JOO CHIAT ROAD - FAIRPRICE,1.315521869,103.8989922
DBS NTUC JOO CHIAT COMPLEX,1.315671964,103.8991832
442 JURONG WEST AVENUE 1 SINGAPORE 640442,1.351518475,103.7194965
DBS QUAYSIDE ISLE,1.247069979,103.842183
QUAYSIDE ISLE,1.247070375,103.8421961
QUAYSIDE ISLE PREPARATORY SCHOOL,1.247758619,103.8419211
CORNELL-NANYANG INSTITUTE OF HOSPITALITY MANAGEMENT (BLK S3) (NTU),1.343822609,103.6827738
DBS NTU CANTEEN B,1.344451569,103.6809628
UOB NANYANG TECHNOLOGICAL UNIVERSITY,1.344477868,103.6801931
NANYANG AUDITORIUM,1.344218416,103.6801522
NANYANG TECHNOLOGICAL UNIVERSITY (CANTEEN 1),1.346561985,103.6859715
NANYANG TECHNOLOGICAL UNIVERSITY (CANTEEN B),1.342375827,103.6824678
NANYANG TECHNOLOGICAL UNIVERSITY (LT2A),1.346602835,103.6813559
NANYANG TECHNOLOGICAL UNIVERSITY (N1)(SCH OF CIVIL & ENVTL ENGRG),1.345735904,103.6796732
NANYANG TECHNOLOGICAL UNIVERSITY (N1.1),1.346153576,103.6789966
NANYANG TECHNOLOGICAL UNIVERSITY (N2) (LIBRARY 2),1.346605107,103.6797858
NANYANG TECHNOLOGICAL UNIVERSITY (NTU),1.346764658,103.6788181
NANYANG TECHNOLOGICAL UNIVERSITY (S1)(SCH OF ELCTL & ELCTNC ENGRG),1.343074707,103.6801713
NANYANG TECHNOLOGICAL UNIVERSITY (S2.1),1.342890699,103.680613
NANYANG TECHNOLOGICAL UNIVERSITY (S3) (NANYANG BUSINESS SCHOOL),1.343767875,103.6827156
NANYANG TECHNOLOGICAL UNIVERSITY (S4)(S.RJRTM SCH OF INTL STUDIES),1.344393445,103.6821159
NANYANG TECHNOLOGICAL UNIVERSITY (SIMTECH VALLEY BLOCK),1.348233457,103.6827298
NANYANG TECHNOLOGICAL UNIVERSITY (SOUTH SPINE),1.342658164,103.6810014
NANYANG TECHNOLOGICAL UNIVERSITY (TAN CHIN TUAN LECTURE THEATRE),1.345217256,103.681186
OCBC NANYANG TECHNOLOGICAL UNIVERSITY (NTU CANTEEN 2),1.348428937,103.6854513
OCBC NANYANG TECHNOLOGICAL UNIVERSITY (NTU CANTEEN B),1.342427628,103.6825131
ADMIRALTY PLACE,1.439983666,103.8012931
MY FIRST SKOOL,1.439983664,103.8012931
BAYSHORE PARK,1.311795442,103.9368945
293 YISHUN STREET 22 SINGAPORE 760293,1.436114254,103.8376052
UOB YISHUN STREET 22,1.435915985,103.8378584
JALAN KAYU ESTATE,1.396576911,103.8728604
JALAN KAYU ESTATE,1.39657691,103.8728604
280 TAMPINES STREET 22 SINGAPORE 520280,1.347535197,103.9517028
COCHRANE LODGE I,1.459436336,103.8203571
GREAT WORLD CITY,1.293422727,103.8320221
HSBC GREAT WORD CITY,1.293526325,103.8320712
UOB GREAT WORLD CITY,1.293475962,103.8319759
EMBASSY OF THE REPUBLIC OF KAZAKHSTAN,1.293410628,103.8318526
GOLDEN VILLAGE (GV GRAND),1.293203084,103.8323108
BRIGHTON MONTESSORI CENTRES PTE. LTD.,1.293802351,103.8317579
DBS GREAT WORLD CITY,1.293475962,103.8319759
DBS GREAT WORLD CITY BRANCH,1.293475962,103.8319759
BLUE RIVERVIEW,1.450008617,103.8141109
WHAMPOA COURT,1.324715797,103.8577529
DBS WESTLITE DORMITORY (WOODLANDS),1.461464553,103.8095631
WESTLITE WOODLANDS,1.461501641,103.8094715
OCBC DOVER CRESCENT - FAIRPRICE,1.304460927,103.7817797
DBS NTUC DOVER CRESCENT,1.304460927,103.7817797
DOVER GARDENS,1.304763568,103.7816972
OCBC SUN PLAZA - FAIRPRICE,1.448194368,103.8194644
DBS NTUC SUN PLAZA,1.448200366,103.8195301
SEMBAWANG PUBLIC LIBRARY,1.448196666,103.8194986
OCBC SUN PLAZA BRANCH,1.448194368,103.8194644
SUN PLAZA,1.448195354,103.8195021
UOB SUN PLAZA,1.448231135,103.8195237
HOMESTAY LODGE,1.338096741,103.9099467
DBS 5 STAR DORMITORY,1.338094456,103.9099565
PCF SPARKLETOTS PRESCHOOL@ANG MO KIO-HOUGANG 642 (CC),1.371703435,103.879939
642 HOUGANG AVENUE 8 SINGAPORE 530642,1.371698789,103.8799483
ISMART MONTESSORI,1.379047756,103.7729375
BUKIT PANJANG NEIGHBOURHOOD CENTRE,1.379047759,103.773004
HOLLAND-BUKIT PANJANG TOWN COUNCIL (BANGKIT OFFICE),1.379047757,103.7729375
RIDGEWOOD CONDOMINIUM,1.31661898,103.7789473
DBS JALAN KAYU 447A,1.392138285,103.8724906
FERNVALE LODGE,1.392138285,103.8724906
OCBC JALAN KAYU - FAIRPRICE,1.392138285,103.8724906
110 LENGKONG TIGA SINGAPORE 410110,1.323653452,103.9108536
OCBC LENGKONG TIGA - FAIRPRICE,1.323976876,103.9106896
DBS NTUC LENGKONG TIGA,1.323878365,103.910715
DBS NTUC TOA PAYOH CENTRAL,1.332892574,103.8471283
HDB HUB,1.332855429,103.8470923
OCBC TOA PAYOH LORONG 6 - FAIRPRICE,1.332761179,103.8471182
CITIBANK TOA PAYOH HUB,1.332965497,103.8470503
SEASTRAND,1.375588309,103.9608397
CATHAY CINEPLEX PARKWAY PARADE,1.300917361,103.9053393
OCBC PARKWAY PARADE,1.301152599,103.9052818
PARKWAY PARADE,1.301069755,103.9052795
DBS DBS TREASURES AT PARKWAY PARADE,1.30106068,103.9053395
DBS PARKWAY PARADE BRANCH,1.30106068,103.9053395
MARINE PARADE POST OFFICE,1.301041961,103.905505
HSBC MARINE PARADE BRANCH,1.301263872,103.9051328
UOB PARKWAY PARADE BRANCH,1.301128413,103.9052049
MY FIRST SKOOL,1.301191315,103.9051136
ITE COLLEGE CENTRAL,1.377892049,103.856412
CARPE DIEM @ ITE PTE. LTD.,1.377892041,103.856412
DBS ITE COLLEGE CENTRAL BRANCH,1.377892049,103.856412
INSTITUTE OF TECHNICAL EDUCATION (ITE),1.377244479,103.8564312
ITE HEADQUARTERS,1.377509461,103.8564135
342 TANJONG KATONG ROAD SINGAPORE 437112,1.303733874,103.8964983
342A TANJONG KATONG ROAD SINGAPORE 437112,1.303733874,103.8964983
BUKIT TIMAH PLAZA,1.338759307,103.7786001
DBS BUKIT TIMAH BRANCH,1.338631653,103.7785854
DBS NTUC BUKIT TIMAH PLAZA,1.338631653,103.7785854
UOB BUKIT TIMAH PLAZA,1.338631653,103.7785854
OCBC BUKIT TIMAH PLAZA - FAIRPRICE,1.338631653,103.7785854
DBS NTUC TAMPINES STREET 11,1.345281448,103.9453443
OCBC TAMPINES STREET 11 - 7 ELEVEN,1.345319549,103.9453847
138 TAMPINES STREET 11 SINGAPORE 521138,1.345504506,103.9455884
DBS TAMPINES STREET 11,1.345281448,103.9453443
